"STATION","DATE","LATITUDE","LONGITUDE","ELEVATION","NAME","TEMP","TEMP_ATTRIBUTES","DEWP","DEWP_ATTRIBUTES","SLP","SLP_ATTRIBUTES","STP","STP_ATTRIBUTES","VISIB","VISIB_ATTRIBUTES","WDSP","WDSP_ATTRIBUTES","MXSPD","GUST","MAX","MAX_ATTRIBUTES","MIN","MIN_ATTRIBUTES","PRCP","PRCP_ATTRIBUTES","SNDP","FRSHTT"
"72503014732","2016-01-01","40.77945","-73.88027","3.0","LAGUARDIA AIRPORT, NY US","  41.9","24","  26.7","24","1017.3","24","016.4","24"," 10.0","24"," 11.8","24"," 15.9"," 24.1","  50.0"," ","  39.0"," "," 0.03","G","999.9","000000"
"72503014732","2016-01-02","40.77945","-73.88027","3.0","LAGUARDIA AIRPORT, NY US","  37.3","24","  19.2","24","1017.0","24","016.0","24"," 10.0","24"," 11.9","24"," 17.1"," 24.1","  43.0"," ","  34.0"," "," 0.00","G","999.9","000000"
"72503014732","2016-01-03","40.77945","-73.88027","3.0","LAGUARDIA AIRPORT, NY US","  40.0","24","  21.6","24","1012.1","24","011.0","24"," 10.0","24","  9.9","24"," 15.0"," 24.1","  46.9"," ","  34.0"," "," 0.00","G","999.9","000000"
"72503014732","2016-01-04","40.77945","-73.88027","3.0","LAGUARDIA AIRPORT, NY US","  33.7","24","  17.5","24","1015.0","24","013.7","24"," 10.0","24"," 13.9","24"," 21.0"," 28.0","  46.9"," ","  21.0"," "," 0.00","G","999.9","000000"
"72503014732","2016-01-05","40.77945","-73.88027","3.0","LAGUARDIA AIRPORT, NY US","  19.5","24","   3.5","24","1032.2","24","031.2","24"," 10.0","24"," 13.8","24"," 24.1"," 34.0","  37.9"," ","  12.9"," "," 0.00","G","999.9","000000"
"72503014732","2016-01-06","40.77945","-73.88027","3.0","LAGUARDIA AIRPORT, NY US","  32.2","24","   6.5","24","1034.7","24","033.6","24"," 10.0","24","  4.2","24","  9.9","999.9","  43.0"," ","  12.9"," "," 0.00","G","999.9","000000"
"72503014732","2016-01-07","40.77945","-73.88027","3.0","LAGUARDIA AIRPORT, NY US","  39.0","24","  11.8","24","1027.3","24","026.3","24"," 10.0","24","  3.7","24","  8.9","999.9","  48.0"," ","  26.1"," "," 0.00","G","999.9","000000"
"72503014732","2016-01-08","40.77945","-73.88027","3.0","LAGUARDIA AIRPORT, NY US","  40.3","24","  25.8","24","1022.8","22","021.7","24"," 10.0","24","  7.0","24"," 14.0"," 19.0","  48.0"," ","  32.0"," "," 0.00","G","999.9","000000"
"72503014732","2016-01-09","40.77945","-73.88027","3.0","LAGUARDIA AIRPORT, NY US","  43.7","24","  36.7","24","1021.8","22","020.7","24","  9.8","24"," 10.8","24"," 14.0","999.9","  48.0"," ","  34.0"," "," 0.00","G","999.9","010000"
"72503014732","2016-01-10","40.77945","-73.88027","3.0","LAGUARDIA AIRPORT, NY US","  50.9","24","  47.0","24","1008.7","16","005.5","24","  5.9","24"," 12.7","24"," 22.9"," 35.0","  59.0"," ","  41.0"," "," 0.63","G","999.9","010000"
"72503014732","2016-01-11","40.77945","-73.88027","3.0","LAGUARDIA AIRPORT, NY US","  37.8","24","  16.2","24","1008.0","24","007.0","24"," 10.0","24"," 16.0","24"," 38.9","999.9","  59.0"," ","  30.9"," "," 0.79","G","999.9","000000"
"72503014732","2016-01-12","40.77945","-73.88027","3.0","LAGUARDIA AIRPORT, NY US","  32.9","24","  11.7","24","1014.5","24","013.6","24"," 10.0","24","  9.0","24"," 21.0"," 28.0","  45.0"," ","  26.1"," "," 0.00","G","999.9","010000"
"72503014732","2016-01-13","40.77945","-73.88027","3.0","LAGUARDIA AIRPORT, NY US","  29.3","24","  10.9","24","1011.3","24","010.8","24"," 10.0","24"," 16.9","24"," 24.1"," 33.0","  45.0"," ","  24.1"," "," 0.00","G","999.9","000000"
"72503014732","2016-01-14","40.77945","-73.88027","3.0","LAGUARDIA AIRPORT, NY US","  28.7","24","   9.5","24","1014.6","24","013.6","24"," 10.0","24"," 11.0","24"," 17.1"," 19.0","  39.0"," ","  24.1"," "," 0.00","G","999.9","001000"
"72503014732","2016-01-15","40.77945","-73.88027","3.0","LAGUARDIA AIRPORT, NY US","  40.2","24","  28.7","24","1012.5","24","011.5","24"," 10.0","24","  4.8","24"," 13.0","999.9","  52.0"," ","  24.1"," "," 0.00","G","999.9","000000"
"72503014732","2016-01-16","40.77945","-73.88027","3.0","LAGUARDIA AIRPORT, NY US","  46.3","24","  38.8","24","1000.2","18","998.6","24","  9.0","24","  9.6","24"," 15.9"," 20.0","  52.0"," ","  34.0"," "," 0.24","G","999.9","010000"
"72503014732","2016-01-17","40.77945","-73.88027","3.0","LAGUARDIA AIRPORT, NY US","  38.9","24","  25.1","24","1009.1","21","007.8","24","  8.7","24","  9.5","24"," 15.0"," 19.0","  46.9","*","  30.2","*"," 0.02","G","  1.2","001000"
"72503014732","2016-01-18","40.77945","-73.88027","3.0","LAGUARDIA AIRPORT, NY US","  29.0","24","  14.0","24","1008.3","23","007.0","24","  9.2","24"," 15.0","24"," 22.9"," 31.1","  44.1"," ","  24.1"," "," 0.05","G","999.9","001000"
"72503014732","2016-01-19","40.77945","-73.88027","3.0","LAGUARDIA AIRPORT, NY US","  22.8","24","   4.4","24","1015.8","24","014.8","24"," 10.0","24"," 19.0","24"," 25.1"," 33.0","  33.1"," ","  18.0"," "," 0.00","G","999.9","000000"
"72503014732","2016-01-20","40.77945","-73.88027","3.0","LAGUARDIA AIRPORT, NY US","  32.1","24","  15.5","24","1020.6","24","019.6","24"," 10.0","24"," 13.0","24"," 22.9"," 33.0","  37.9"," ","  18.0"," "," 0.00","G","999.9","000000"
"72503014732","2016-01-21","40.77945","-73.88027","3.0","LAGUARDIA AIRPORT, NY US","  32.6","24","  15.2","24","1019.6","24","018.6","24"," 10.0","24"," 10.8","24"," 18.1"," 24.1","  37.9"," ","  28.0"," "," 0.00","G","999.9","000000"
"72503014732","2016-01-22","40.77945","-73.88027","3.0","LAGUARDIA AIRPORT, NY US","  27.3","24","   8.2","24","1024.0","24","023.0","24"," 10.0","24"," 10.5","24"," 18.1"," 21.0","  37.9"," ","  21.9"," "," 0.00","G","999.9","000000"
"72503014732","2016-01-23","40.77945","-73.88027","3.0","LAGUARDIA AIRPORT, NY US","  27.9","24","  20.7","24","1010.6","16","010.3","24","  2.5","24"," 18.9","24"," 28.9"," 42.0","  30.0"," ","  21.9"," "," 0.16","G"," 25.2","101000"
"72503014732","2016-01-24","40.77945","-73.88027","3.0","LAGUARDIA AIRPORT, NY US","  28.3","24","  14.0","24","1011.9","21","009.7","24","  7.6","24"," 13.3","24"," 25.1"," 33.0","  36.0"," ","  24.1"," "," 0.80","G"," 20.1","101000"
"72503014732","2016-01-25","40.77945","-73.88027","3.0","LAGUARDIA AIRPORT, NY US","  33.9","24","  17.9","24","1022.6","24","021.6","24","  9.7","24","  4.9","24","  8.9","999.9","  37.9"," ","  24.1"," "," 0.03","G"," 15.0","000000"
"72503014732","2016-01-26","40.77945","-73.88027","3.0","LAGUARDIA AIRPORT, NY US","  40.2","24","  28.9","24","1019.7","24","018.6","24"," 10.0","24","  5.6","24","  9.9"," 18.1","  48.9"," ","  30.0"," "," 0.00","G"," 11.0","000000"
"72503014732","2016-01-27","40.77945","-73.88027","3.0","LAGUARDIA AIRPORT, NY US","  44.4","24","  27.6","24","1015.5","24","014.5","24","  9.9","24"," 10.3","24"," 18.1"," 24.1","  48.9"," ","  35.1"," "," 0.01","G","  7.1","010000"
"72503014732","2016-01-28","40.77945","-73.88027","3.0","LAGUARDIA AIRPORT, NY US","  37.9","24","  21.0","24","1016.0","24","015.0","24"," 10.0","24","  5.4","24"," 11.1"," 17.1","  48.0"," ","  28.9"," "," 0.00","I","  3.9","000000"
"72503014732","2016-01-29","40.77945","-73.88027","3.0","LAGUARDIA AIRPORT, NY US","  39.8","24","  23.6","24","1001.2","24","000.2","24"," 10.0","24","  8.0","24"," 27.2"," 31.1","  44.1"," ","  28.9"," "," 0.00","G","  3.1","000000"
"72503014732","2016-01-30","40.77945","-73.88027","3.0","LAGUARDIA AIRPORT, NY US","  34.0","24","  17.8","24","1014.2","24","013.2","24"," 10.0","24"," 10.4","24"," 21.0"," 28.0","  42.1"," ","  30.0"," "," 0.00","G","  3.1","000000"
"72503014732","2016-01-31","40.77945","-73.88027","3.0","LAGUARDIA AIRPORT, NY US","  42.4","24","  25.3","24","1014.1","24","013.1","24"," 10.0","24","  6.8","24","  9.9"," 22.0","  55.9"," ","  30.0"," "," 0.00","G","  2.0","000000"
"72503014732","2016-02-01","40.77945","-73.88027","3.0","LAGUARDIA AIRPORT, NY US","  50.5","24","  37.6","24","1009.0","24","008.0","24"," 10.0","24","  6.5","24"," 13.0"," 17.1","  59.0"," ","  37.0"," "," 0.00","G","  1.2","010000"
"72503014732","2016-02-02","40.77945","-73.88027","3.0","LAGUARDIA AIRPORT, NY US","  45.5","24","  26.2","24","1022.4","24","021.4","24"," 10.0","24","  5.0","24"," 12.0"," 17.1","  59.0"," ","  37.9"," "," 0.00","G","  1.2","000000"
"72503014732","2016-02-03","40.77945","-73.88027","3.0","LAGUARDIA AIRPORT, NY US","  48.1","24","  40.3","24","1022.7","20","020.6","24","  8.1","24","  9.0","24"," 19.0"," 28.0","  57.0"," ","  37.9"," "," 0.00","G","999.9","010000"
"72503014732","2016-02-04","40.77945","-73.88027","3.0","LAGUARDIA AIRPORT, NY US","  54.0","24","  45.3","24","1014.1","20","012.5","24","  9.0","24","  8.2","24"," 21.0"," 28.0","  57.9"," ","  42.1"," "," 0.69","G","999.9","010000"
"72503014732","2016-02-05","40.77945","-73.88027","3.0","LAGUARDIA AIRPORT, NY US","  39.4","24","  27.8","24","1019.2","18","017.7","24","  6.9","24"," 13.7","24"," 20.0"," 28.9","  57.9"," ","  32.0"," "," 0.31","G","  1.2","111000"
"72503014732","2016-02-06","40.77945","-73.88027","3.0","LAGUARDIA AIRPORT, NY US","  36.0","24","  18.0","24","1027.5","24","026.5","24"," 10.0","24","  9.3","24"," 15.9"," 25.1","  44.1"," ","  32.0"," "," 0.05","G","  1.2","000000"
"72503014732","2016-02-07","40.77945","-73.88027","3.0","LAGUARDIA AIRPORT, NY US","  39.6","24","  23.1","24","1022.0","24","021.0","24"," 10.0","24","  5.0","24","  9.9","999.9","  46.0"," ","  32.0"," "," 0.00","G","  1.2","000000"
"72503014732","2016-02-08","40.77945","-73.88027","3.0","LAGUARDIA AIRPORT, NY US","  36.7","24","  27.0","24","1009.9","21","008.8","24","  8.5","24"," 13.5","24"," 22.0"," 27.0","  39.9","*","  30.2","*"," 0.00","G","  1.2","101000"
"72503014732","2016-02-09","40.77945","-73.88027","3.0","LAGUARDIA AIRPORT, NY US","  30.2","24","  22.6","24","1004.9","17","004.1","24","  9.0","24","  8.3","24"," 13.0"," 15.0","  41.0"," ","  27.0"," "," 0.06","G","999.9","011000"
"72503014732","2016-02-10","40.77945","-73.88027","3.0","LAGUARDIA AIRPORT, NY US","  35.4","24","  25.0","24","1003.0","21","001.7","24","  8.2","24","  7.6","24"," 17.1"," 22.9","  39.9"," ","  27.0"," "," 0.01","G","999.9","011000"
"72503014732","2016-02-11","40.77945","-73.88027","3.0","LAGUARDIA AIRPORT, NY US","  28.1","24","   8.0","24","1010.8","24","009.4","24","  9.4","24"," 17.3","24"," 25.1"," 34.0","  39.9"," ","  23.0"," ","99.99"," ","  1.2","001000"
"72503014732","2016-02-12","40.77945","-73.88027","3.0","LAGUARDIA AIRPORT, NY US","  21.7","24","   0.1","24","1021.7","24","020.7","24"," 10.0","24"," 12.3","24"," 20.0"," 35.0","  32.0"," ","  17.1"," "," 0.05","G","  1.2","000000"
"72503014732","2016-02-13","40.77945","-73.88027","3.0","LAGUARDIA AIRPORT, NY US","  21.6","24","   3.9","24","1015.7","24","014.7","24"," 10.0","24"," 17.0","24"," 28.0"," 39.0","  27.0"," ","  10.9"," "," 0.00","G","999.9","000000"
"72503014732","2016-02-14","40.77945","-73.88027","3.0","LAGUARDIA AIRPORT, NY US","   8.3","24"," -10.2","24","1030.2","24","029.2","24"," 10.0","24"," 15.8","24"," 25.1"," 34.0","  24.1"," ","   1.0"," "," 0.00","G","999.9","000000"
"72503014732","2016-02-15","40.77945","-73.88027","3.0","LAGUARDIA AIRPORT, NY US","  19.1","24","   1.0","24","1033.4","21","031.7","24","  8.2","24","  6.2","24"," 11.1"," 15.9","  30.9"," ","   1.0"," "," 0.00","G","  2.0","111000"
"72503014732","2016-02-16","40.77945","-73.88027","3.0","LAGUARDIA AIRPORT, NY US","  46.1","24","  42.4","24","1010.8","14","010.1","24","  4.7","24"," 13.4","24"," 28.0"," 44.1","  57.2","*","  30.9","*"," 0.49","G","  1.2","111000"
"72503014732","2016-02-17","40.77945","-73.88027","3.0","LAGUARDIA AIRPORT, NY US","  39.9","24","  27.8","24","1012.1","24","010.7","24"," 10.0","24"," 12.6","24"," 19.0"," 22.9","  57.0"," ","  35.1"," "," 0.80","G","999.9","000000"
"72503014732","2016-02-18","40.77945","-73.88027","3.0","LAGUARDIA AIRPORT, NY US","  33.9","24","  14.2","24","1026.5","24","025.6","24"," 10.0","24"," 12.8","24"," 19.0"," 22.9","  41.0"," ","  28.9"," "," 0.00","G","999.9","000000"
"72503014732","2016-02-19","40.77945","-73.88027","3.0","LAGUARDIA AIRPORT, NY US","  30.2","24","   9.8","24","1033.4","24","032.4","24"," 10.0","24","  7.6","24"," 13.0"," 15.9","  37.4","*","  25.0","*"," 0.00","G","999.9","000000"
"72503014732","2016-02-20","40.77945","-73.88027","3.0","LAGUARDIA AIRPORT, NY US","  47.4","24","  30.9","24","1015.8","23","015.7","24"," 10.0","24"," 10.1","24"," 15.0"," 19.0","  62.1"," ","  25.0"," "," 0.00","G","999.9","000000"
"72503014732","2016-02-21","40.77945","-73.88027","3.0","LAGUARDIA AIRPORT, NY US","  53.1","24","  33.0","24","1011.5","24","010.5","24"," 10.0","24","  8.4","24"," 15.0"," 22.0","  62.1"," ","  39.9"," "," 0.00","G","999.9","010000"
"72503014732","2016-02-22","40.77945","-73.88027","3.0","LAGUARDIA AIRPORT, NY US","  46.0","24","  29.2","24","1017.5","24","016.5","24"," 10.0","24","  6.1","24","  9.9","999.9","  57.0"," ","  39.0"," "," 0.05","G","999.9","010000"
"72503014732","2016-02-23","40.77945","-73.88027","3.0","LAGUARDIA AIRPORT, NY US","  38.8","24","  29.9","24","1024.8","23","024.0","24","  9.2","24"," 13.0","24"," 24.1"," 28.9","  53.1"," ","  36.0"," "," 0.00","G","999.9","010000"
"72503014732","2016-02-24","40.77945","-73.88027","3.0","LAGUARDIA AIRPORT, NY US","  39.8","24","  37.3","24","1017.9","13","014.8","24","  2.5","24"," 14.0","24"," 21.0"," 28.0","  55.4","*","  35.6","*"," 0.30","G","999.9","011000"
"72503014732","2016-02-25","40.77945","-73.88027","3.0","LAGUARDIA AIRPORT, NY US","  52.7","24","  45.2","24"," 993.7","16","991.7","24","  7.7","24"," 17.1","24"," 34.0"," 48.0","  61.0"," ","  36.0"," "," 1.48","G","999.9","010010"
"72503014732","2016-02-26","40.77945","-73.88027","3.0","LAGUARDIA AIRPORT, NY US","  36.6","24","  18.0","24","1006.4","24","005.4","24"," 10.0","24"," 17.7","24"," 25.1"," 32.1","  41.0","*","  33.1","*"," 0.02","G","999.9","000000"
"72503014732","2016-02-27","40.77945","-73.88027","3.0","LAGUARDIA AIRPORT, NY US","  32.6","24","  11.5","24","1018.5","24","017.5","24"," 10.0","24"," 11.5","24"," 19.0"," 25.1","  42.1"," ","  28.0"," "," 0.00","G","999.9","000000"
"72503014732","2016-02-28","40.77945","-73.88027","3.0","LAGUARDIA AIRPORT, NY US","  46.3","24","  22.5","24","1013.8","24","012.8","24"," 10.0","24"," 10.1","24"," 15.9"," 22.0","  61.0"," ","  28.0"," "," 0.00","G","999.9","000000"
"72503014732","2016-02-29","40.77945","-73.88027","3.0","LAGUARDIA AIRPORT, NY US","  51.2","24","  34.8","24","1005.0","24","004.0","24","  9.7","24","  9.4","24"," 18.1"," 25.1","  61.0"," ","  39.0"," "," 0.00","G","999.9","010000"
"72503014732","2016-03-01","40.77945","-73.88027","3.0","LAGUARDIA AIRPORT, NY US","  46.6","24","  24.2","24","1016.8","24","015.8","24"," 10.0","24"," 11.4","24"," 19.0"," 26.0","  61.0"," ","  39.9"," "," 0.07","G","999.9","000000"
"72503014732","2016-03-02","40.77945","-73.88027","3.0","LAGUARDIA AIRPORT, NY US","  46.5","24","  31.6","24","1005.7","24","004.0","24","  9.6","24"," 15.1","24"," 25.1"," 35.0","  55.9"," ","  36.0"," "," 0.17","G","999.9","010000"
"72503014732","2016-03-03","40.77945","-73.88027","3.0","LAGUARDIA AIRPORT, NY US","  31.5","24","   9.0","24","1021.4","24","020.4","24"," 10.0","24"," 11.9","24"," 21.0"," 31.1","  36.0","*","  27.0","*"," 0.00","I","999.9","000000"
"72503014732","2016-03-04","40.77945","-73.88027","3.0","LAGUARDIA AIRPORT, NY US","  33.7","24","  23.4","24","1019.9","15","019.3","24","  6.5","24"," 10.0","24"," 15.9"," 22.0","  42.1"," ","  27.0"," "," 0.04","G","  1.2","001000"
"72503014732","2016-03-05","40.77945","-73.88027","3.0","LAGUARDIA AIRPORT, NY US","  34.8","24","  13.3","24","1020.5","24","019.5","24"," 10.0","24","  9.4","24"," 13.0"," 19.0","  42.1"," ","  30.0"," "," 0.04","G","  1.2","000000"
"72503014732","2016-03-06","40.77945","-73.88027","3.0","LAGUARDIA AIRPORT, NY US","  37.8","24","  15.5","24","1024.1","24","023.1","24"," 10.0","24","  4.5","24","  7.0","999.9","  46.9"," ","  30.0"," "," 0.00","G","999.9","000000"
"72503014732","2016-03-07","40.77945","-73.88027","3.0","LAGUARDIA AIRPORT, NY US","  45.1","24","  27.7","24","1022.7","24","021.7","24","  9.7","24","  9.3","24"," 18.1"," 24.1","  61.0"," ","  33.1"," "," 0.00","G","999.9","000000"
"72503014732","2016-03-08","40.77945","-73.88027","3.0","LAGUARDIA AIRPORT, NY US","  53.9","24","  35.9","24","1019.1","24","018.1","24","  9.6","24","  5.8","24"," 11.1"," 15.9","  64.0"," ","  37.0"," "," 0.00","G","999.9","000000"
"72503014732","2016-03-09","40.77945","-73.88027","3.0","LAGUARDIA AIRPORT, NY US","  54.0","24","  40.2","24","1019.4","24","018.4","24","  7.6","24","  5.3","24"," 11.1","999.9","  75.0"," ","  41.0"," "," 0.00","G","999.9","000000"
"72503014732","2016-03-10","40.77945","-73.88027","3.0","LAGUARDIA AIRPORT, NY US","  70.0","24","  44.8","24","1014.9","24","013.9","24"," 10.0","24","  6.7","24"," 13.0","999.9","  78.1","*","  64.0","*"," 0.00","G","999.9","010000"
"72503014732","2016-03-11","40.77945","-73.88027","3.0","LAGUARDIA AIRPORT, NY US","  61.2","24","  45.9","24","1016.5","24","015.0","24","  9.8","24","  9.7","24"," 21.0"," 28.0","  78.1"," ","  54.0"," "," 0.04","G","999.9","010000"
"72503014732","2016-03-12","40.77945","-73.88027","3.0","LAGUARDIA AIRPORT, NY US","  49.6","24","  31.6","24","1025.1","24","024.0","24"," 10.0","24","  7.2","24"," 15.0","999.9","  66.0"," ","  41.0"," "," 0.00","I","999.9","000000"
"72503014732","2016-03-13","40.77945","-73.88027","3.0","LAGUARDIA AIRPORT, NY US","  56.7","24","  35.6","24","1016.6","24","015.5","24"," 10.0","24","  5.6","24","  9.9"," 15.0","  64.0"," ","  41.0"," "," 0.00","G","999.9","000000"
"72503014732","2016-03-14","40.77945","-73.88027","3.0","LAGUARDIA AIRPORT, NY US","  47.6","24","  35.9","24","1018.8","24","018.0","24","  8.9","24"," 12.0","24"," 21.0"," 29.9","  64.0"," ","  41.0"," "," 0.02","G","999.9","010000"
"72503014732","2016-03-15","40.77945","-73.88027","3.0","LAGUARDIA AIRPORT, NY US","  48.0","24","  42.1","24","1010.0","22","009.0","24","  8.3","24"," 12.8","24"," 22.0"," 33.0","  57.0"," ","  41.0"," "," 0.17","G","999.9","010000"
"72503014732","2016-03-16","40.77945","-73.88027","3.0","LAGUARDIA AIRPORT, NY US","  53.5","24","  43.3","24","1009.7","24","008.6","24","  9.9","24","  3.2","24"," 12.0","999.9","  64.9"," ","  44.1"," "," 0.00","G","999.9","010010"
"72503014732","2016-03-17","40.77945","-73.88027","3.0","LAGUARDIA AIRPORT, NY US","  52.2","24","  40.3","24","1010.2","23","009.2","24"," 10.0","24","  7.6","24"," 21.0"," 35.0","  64.9"," ","  45.0"," "," 0.02","G","999.9","010000"
"72503014732","2016-03-18","40.77945","-73.88027","3.0","LAGUARDIA AIRPORT, NY US","  53.0","24","  28.1","24","1009.0","24","007.9","24"," 10.0","24"," 13.3","24"," 21.0"," 29.9","  64.0"," ","  45.0"," "," 0.04","G","999.9","000000"
"72503014732","2016-03-19","40.77945","-73.88027","3.0","LAGUARDIA AIRPORT, NY US","  43.5","24","  18.8","24","1017.3","24","016.3","24"," 10.0","24","  7.0","24"," 12.0"," 25.1","  57.0"," ","  37.0"," "," 0.00","G","999.9","000000"
"72503014732","2016-03-20","40.77945","-73.88027","3.0","LAGUARDIA AIRPORT, NY US","  38.9","24","  16.5","24","1019.6","24","018.7","24","  9.9","24"," 12.7","24"," 20.0"," 24.1","  46.9"," ","  33.1"," "," 0.00","G","999.9","001000"
"72503014732","2016-03-21","40.77945","-73.88027","3.0","LAGUARDIA AIRPORT, NY US","  39.6","24","  24.6","24","1010.3","19","010.2","24","  7.0","24"," 10.4","24"," 21.0"," 32.1","  50.0"," ","  33.1"," "," 0.14","G","999.9","001000"
"72503014732","2016-03-22","40.77945","-73.88027","3.0","LAGUARDIA AIRPORT, NY US","  43.8","24","  19.6","24","1018.5","24","017.5","24"," 10.0","24"," 13.6","24"," 24.1"," 29.9","  55.0","*","  37.0","*"," 0.07","G","999.9","000000"
"72503014732","2016-03-23","40.77945","-73.88027","3.0","LAGUARDIA AIRPORT, NY US","  57.4","24","  31.5","24","1014.3","24","013.3","24"," 10.0","24","  9.1","24"," 15.0"," 18.1","  71.1"," ","  50.0"," "," 0.00","G","999.9","000000"
"72503014732","2016-03-24","40.77945","-73.88027","3.0","LAGUARDIA AIRPORT, NY US","  50.1","24","  37.3","24","1017.1","24","016.3","24"," 10.0","24"," 11.2","24"," 18.1"," 24.1","  71.1"," ","  44.1"," "," 0.00","G","999.9","000000"
"72503014732","2016-03-25","40.77945","-73.88027","3.0","LAGUARDIA AIRPORT, NY US","  55.9","24","  47.4","24","1007.8","21","007.0","24","  7.6","24","  7.9","24"," 13.0"," 18.1","  73.0"," ","  44.1"," "," 0.00","G","999.9","010000"
"72503014732","2016-03-26","40.77945","-73.88027","3.0","LAGUARDIA AIRPORT, NY US","  47.0","24","  31.6","24","1022.4","24","021.4","24"," 10.0","24"," 10.5","24"," 15.0"," 20.0","  73.0"," ","  39.0"," "," 0.07","G","999.9","000000"
"72503014732","2016-03-27","40.77945","-73.88027","3.0","LAGUARDIA AIRPORT, NY US","  45.8","24","  35.4","24","1027.9","22","027.2","24"," 10.0","24","  6.8","24"," 13.0"," 15.9","  54.0"," ","  39.0"," "," 0.00","G","999.9","000000"
"72503014732","2016-03-28","40.77945","-73.88027","3.0","LAGUARDIA AIRPORT, NY US","  47.3","24","  39.0","24","1011.2","17","009.6","24","  6.5","24"," 11.2","24"," 28.0"," 41.0","  62.1","*","  42.8","*"," 0.19","G","999.9","010000"
"72503014732","2016-03-29","40.77945","-73.88027","3.0","LAGUARDIA AIRPORT, NY US","  49.7","24","  25.7","24","1009.8","24","008.8","24"," 10.0","24"," 21.8","24"," 28.9"," 40.0","  63.0"," ","  43.0"," "," 0.32","G","999.9","000000"
"72503014732","2016-03-30","40.77945","-73.88027","3.0","LAGUARDIA AIRPORT, NY US","  45.4","24","  17.6","24","1025.2","24","024.2","24"," 10.0","24"," 10.7","24"," 22.0"," 28.0","  53.1"," ","  39.0"," "," 0.00","G","999.9","000000"
"72503014732","2016-03-31","40.77945","-73.88027","3.0","LAGUARDIA AIRPORT, NY US","  57.2","24","  39.4","24","1016.7","24","015.8","24","  9.9","24"," 11.1","24"," 19.0"," 26.0","  70.0"," ","  39.0"," "," 0.00","G","999.9","000000"
"72503014732","2016-04-01","40.77945","-73.88027","3.0","LAGUARDIA AIRPORT, NY US","  62.6","24","  54.2","24","1004.4","20","003.1","24","  9.9","24","  9.1","24"," 15.9"," 22.0","  79.0"," ","  48.9"," "," 0.00","G","999.9","010010"
"72503014732","2016-04-02","40.77945","-73.88027","3.0","LAGUARDIA AIRPORT, NY US","  56.3","24","  45.0","24","1000.3","24","999.6","24","  9.7","24","  6.9","24"," 14.0"," 22.9","  79.0"," ","  48.9"," "," 0.01","G","999.9","010000"
"72503014732","2016-04-03","40.77945","-73.88027","3.0","LAGUARDIA AIRPORT, NY US","  42.3","24","  25.3","24","1002.9","22","000.1","24","  9.9","24"," 19.7","24"," 32.1"," 46.0","  61.0"," ","  35.1"," "," 0.24","G","999.9","011000"
"72503014732","2016-04-04","40.77945","-73.88027","3.0","LAGUARDIA AIRPORT, NY US","  39.7","24","  25.3","24","1013.7","21","012.2","24","  8.3","24","  9.4","24"," 18.1"," 26.0","  50.0"," ","  35.1"," "," 0.11","G","999.9","011000"
"72503014732","2016-04-05","40.77945","-73.88027","3.0","LAGUARDIA AIRPORT, NY US","  33.3","24","  15.2","24","1023.3","21","021.1","24"," 10.0","24"," 13.3","24"," 18.1"," 27.0","  45.0"," ","  27.0"," "," 0.50","G","999.9","010000"
"72503014732","2016-04-06","40.77945","-73.88027","3.0","LAGUARDIA AIRPORT, NY US","  39.0","24","  12.1","24","1026.6","24","025.6","24"," 10.0","24","  9.9","24"," 22.0"," 31.1","  48.0"," ","  27.0"," "," 0.00","G","999.9","000000"
"72503014732","2016-04-07","40.77945","-73.88027","3.0","LAGUARDIA AIRPORT, NY US","  52.0","24","  44.2","24","1006.4","23","005.3","24","  9.4","24"," 12.8","24"," 22.9"," 34.0","  60.1"," ","  32.0"," "," 0.00","G","999.9","010000"
"72503014732","2016-04-08","40.77945","-73.88027","3.0","LAGUARDIA AIRPORT, NY US","  48.9","24","  30.4","24","1000.9","23","999.6","24"," 10.0","24"," 13.7","24"," 22.0"," 28.9","  60.1"," ","  44.1"," "," 0.15","G","999.9","000000"
"72503014732","2016-04-09","40.77945","-73.88027","3.0","LAGUARDIA AIRPORT, NY US","  41.1","24","  26.3","24","1007.8","23","006.7","24","  9.7","24","  8.1","24"," 15.9"," 17.1","  46.9","*","  37.4","*"," 0.00","G","999.9","010000"
"72503014732","2016-04-10","40.77945","-73.88027","3.0","LAGUARDIA AIRPORT, NY US","  40.5","24","  19.1","24","1021.7","24","020.8","24"," 10.0","24"," 11.5","24"," 19.0"," 27.0","  50.0"," ","  33.1"," "," 0.07","G","999.9","000000"
"72503014732","2016-04-11","40.77945","-73.88027","3.0","LAGUARDIA AIRPORT, NY US","  50.2","24","  35.5","24","1022.7","24","021.6","24"," 10.0","24"," 11.7","24"," 19.0"," 22.0","  61.0"," ","  33.1"," "," 0.00","G","999.9","010000"
"72503014732","2016-04-12","40.77945","-73.88027","3.0","LAGUARDIA AIRPORT, NY US","  53.2","24","  42.1","24","1016.2","22","015.0","24","  9.3","24"," 10.9","24"," 19.0"," 25.1","  61.0"," ","  44.1"," "," 0.04","G","999.9","010000"
"72503014732","2016-04-13","40.77945","-73.88027","3.0","LAGUARDIA AIRPORT, NY US","  48.4","24","  24.8","24","1027.1","24","026.1","24"," 10.0","24","  8.8","24"," 15.0"," 24.1","  57.9"," ","  42.1"," "," 0.19","G","999.9","000000"
"72503014732","2016-04-14","40.77945","-73.88027","3.0","LAGUARDIA AIRPORT, NY US","  49.9","24","  30.2","24","1026.9","24","025.8","24"," 10.0","24","  6.5","24"," 12.0","999.9","  61.0"," ","  42.1"," "," 0.00","G","999.9","000000"
"72503014732","2016-04-15","40.77945","-73.88027","3.0","LAGUARDIA AIRPORT, NY US","  50.8","24","  30.3","24","1029.4","24","028.4","24"," 10.0","24","  5.2","24"," 12.0"," 15.0","  63.0"," ","  43.0"," "," 0.00","G","999.9","000000"
"72503014732","2016-04-16","40.77945","-73.88027","3.0","LAGUARDIA AIRPORT, NY US","  52.6","24","  27.7","24","1030.0","24","029.0","24"," 10.0","24","  6.7","24"," 12.0","999.9","  64.9"," ","  44.1"," "," 0.00","G","999.9","000000"
"72503014732","2016-04-17","40.77945","-73.88027","3.0","LAGUARDIA AIRPORT, NY US","  55.8","24","  32.6","24","1029.5","24","028.5","24"," 10.0","24","  4.5","24"," 11.1","999.9","  73.9"," ","  45.0"," "," 0.00","G","999.9","000000"
"72503014732","2016-04-18","40.77945","-73.88027","3.0","LAGUARDIA AIRPORT, NY US","  62.5","24","  33.3","24","1022.9","24","021.8","24"," 10.0","24","  4.4","24"," 11.1","999.9","  80.1"," ","  48.0"," "," 0.00","G","999.9","000000"
"72503014732","2016-04-19","40.77945","-73.88027","3.0","LAGUARDIA AIRPORT, NY US","  65.5","24","  34.2","24","1015.9","24","014.8","24"," 10.0","24","  8.6","24"," 17.1"," 22.0","  80.1"," ","  48.9"," "," 0.00","G","999.9","000000"
"72503014732","2016-04-20","40.77945","-73.88027","3.0","LAGUARDIA AIRPORT, NY US","  58.8","24","  23.1","24","1022.3","24","021.2","24"," 10.0","24"," 10.7","24"," 14.0"," 22.0","  69.1"," ","  51.1"," "," 0.00","G","999.9","000000"
"72503014732","2016-04-21","40.77945","-73.88027","3.0","LAGUARDIA AIRPORT, NY US","  58.8","24","  33.4","24","1020.5","24","019.5","24"," 10.0","24","  8.2","24"," 14.0"," 20.0","  70.0"," ","  50.0"," "," 0.00","G","999.9","000000"
"72503014732","2016-04-22","40.77945","-73.88027","3.0","LAGUARDIA AIRPORT, NY US","  70.0","24","  52.3","24","1012.6","24","011.6","24"," 10.0","24","  7.1","24"," 12.0"," 15.9","  78.1"," ","  50.0"," "," 0.00","G","999.9","000000"
"72503014732","2016-04-23","40.77945","-73.88027","3.0","LAGUARDIA AIRPORT, NY US","  66.5","24","  52.8","24","1009.6","22","008.3","24","  9.3","24","  8.7","24"," 14.0"," 21.0","  78.1"," ","  61.0"," "," 0.14","G","999.9","010000"
"72503014732","2016-04-24","40.77945","-73.88027","3.0","LAGUARDIA AIRPORT, NY US","  56.5","24","  24.4","24","1016.2","24","015.1","24"," 10.0","24","  9.7","24"," 15.0"," 20.0","  69.1"," ","  48.0"," "," 0.00","I","999.9","000000"
"72503014732","2016-04-25","40.77945","-73.88027","3.0","LAGUARDIA AIRPORT, NY US","  56.6","24","  38.5","24","1015.7","24","014.7","24"," 10.0","24","  6.5","24"," 13.0","999.9","  68.0"," ","  48.0"," "," 0.00","G","999.9","000000"
"72503014732","2016-04-26","40.77945","-73.88027","3.0","LAGUARDIA AIRPORT, NY US","  54.4","24","  47.2","24","1008.3","17","006.7","24","  8.8","24","  9.4","24"," 19.0"," 22.9","  68.0"," ","  50.0"," "," 0.19","G","999.9","010010"
"72503014732","2016-04-27","40.77945","-73.88027","3.0","LAGUARDIA AIRPORT, NY US","  51.1","24","  39.7","24","1012.0","23","011.0","24"," 10.0","24","  7.9","24"," 14.0"," 15.9","  57.9","*","  46.4","*"," 0.11","G","999.9","000000"
"72503014732","2016-04-28","40.77945","-73.88027","3.0","LAGUARDIA AIRPORT, NY US","  53.3","24","  33.4","24","1015.4","24","014.3","24"," 10.0","24","  8.3","24"," 13.0"," 19.0","  60.1"," ","  46.9"," "," 0.00","G","999.9","010000"
"72503014732","2016-04-29","40.77945","-73.88027","3.0","LAGUARDIA AIRPORT, NY US","  52.0","24","  33.3","24","1018.4","24","017.4","24"," 10.0","24","  7.8","24"," 18.1"," 19.0","  59.0"," ","  48.0"," "," 0.00","G","999.9","010000"
"72503014732","2016-04-30","40.77945","-73.88027","3.0","LAGUARDIA AIRPORT, NY US","  52.8","24","  37.1","24","1021.9","24","020.9","24"," 10.0","24","  6.2","24"," 12.0"," 15.9","  63.0"," ","  46.9"," "," 0.02","G","999.9","010000"
"72503014732","2016-05-01","40.77945","-73.88027","3.0","LAGUARDIA AIRPORT, NY US","  50.1","24","  39.6","24","1022.7","21","021.4","24","  8.8","24","  7.3","24"," 11.1"," 14.0","  63.0"," ","  46.9"," "," 0.00","G","999.9","010000"
"72503014732","2016-05-02","40.77945","-73.88027","3.0","LAGUARDIA AIRPORT, NY US","  50.6","24","  45.5","24","1016.3","15","014.8","24","  6.7","24","  6.1","24"," 13.0"," 17.1","  61.0","*","  44.6","*"," 0.15","G","999.9","010000"
"72503014732","2016-05-03","40.77945","-73.88027","3.0","LAGUARDIA AIRPORT, NY US","  54.5","24","  51.0","24","1012.0","12","010.4","24","  6.8","24","  7.3","24"," 15.9"," 22.0","  62.1"," ","  45.0"," "," 0.73","G","999.9","010000"
"72503014732","2016-05-04","40.77945","-73.88027","3.0","LAGUARDIA AIRPORT, NY US","  51.3","24","  48.8","24","1008.5","16","007.8","24","  7.1","24","  9.0","24"," 15.0"," 19.0","  55.0"," ","  48.9"," "," 0.07","G","999.9","010000"
"72503014732","2016-05-05","40.77945","-73.88027","3.0","LAGUARDIA AIRPORT, NY US","  51.8","24","  45.4","24","1005.5","23","004.6","24","  9.8","24"," 11.6","24"," 14.0"," 21.0","  57.9"," ","  46.9"," "," 0.02","G","999.9","000000"
"72503014732","2016-05-06","40.77945","-73.88027","3.0","LAGUARDIA AIRPORT, NY US","  52.2","24","  48.7","24","1005.9","21","004.7","24","  8.7","24"," 13.0","24"," 22.0"," 27.0","  57.9"," ","  46.9"," "," 0.38","G","999.9","010000"
"72503014732","2016-05-07","40.77945","-73.88027","3.0","LAGUARDIA AIRPORT, NY US","  52.3","24","  50.0","24","1008.4","18","007.6","24","  7.8","24","  8.7","24"," 13.0","999.9","  57.2","*","  48.2","*"," 0.18","G","999.9","010000"
"72503014732","2016-05-08","40.77945","-73.88027","3.0","LAGUARDIA AIRPORT, NY US","  55.4","24","  46.2","24","1006.0","22","004.5","24","  8.6","24","  9.8","24"," 24.1"," 31.1","  64.9"," ","  48.9"," "," 0.07","G","999.9","010000"
"72503014732","2016-05-09","40.77945","-73.88027","3.0","LAGUARDIA AIRPORT, NY US","  62.9","24","  33.2","24","1014.0","24","013.0","24"," 10.0","24","  9.9","24"," 22.9"," 28.0","  73.9"," ","  48.9"," "," 0.08","G","999.9","000000"
"72503014732","2016-05-10","40.77945","-73.88027","3.0","LAGUARDIA AIRPORT, NY US","  59.1","24","  30.1","24","1021.7","24","020.7","24"," 10.0","24","  7.6","24"," 15.0","999.9","  73.9"," ","  51.1"," "," 0.00","G","999.9","000000"
"72503014732","2016-05-11","40.77945","-73.88027","3.0","LAGUARDIA AIRPORT, NY US","  63.0","24","  38.7","24","1021.1","24","020.1","24"," 10.0","24","  5.4","24"," 12.0"," 15.0","  73.9"," ","  51.1"," "," 0.00","G","999.9","000000"
"72503014732","2016-05-12","40.77945","-73.88027","3.0","LAGUARDIA AIRPORT, NY US","  66.2","24","  45.0","24","1019.3","24","018.3","24"," 10.0","24","  5.7","24"," 11.1","999.9","  78.1"," ","  53.1"," "," 0.00","G","999.9","000000"
"72503014732","2016-05-13","40.77945","-73.88027","3.0","LAGUARDIA AIRPORT, NY US","  61.6","24","  55.7","24","1013.1","18","011.6","24","  8.3","24","  5.7","24"," 12.0"," 15.0","  78.1"," ","  55.9"," "," 0.00","G","999.9","010000"
"72503014732","2016-05-14","40.77945","-73.88027","3.0","LAGUARDIA AIRPORT, NY US","  66.2","24","  55.1","24","1007.1","24","006.1","24","  9.9","24","  6.8","24"," 25.1"," 35.0","  73.0"," ","  57.9"," "," 0.25","G","999.9","000000"
"72503014732","2016-05-15","40.77945","-73.88027","3.0","LAGUARDIA AIRPORT, NY US","  56.0","24","  38.9","24","1006.8","24","005.8","24"," 10.0","24"," 15.4","24"," 21.0"," 29.9","  73.0"," ","  48.0"," "," 0.00","G","999.9","010000"
"72503014732","2016-05-16","40.77945","-73.88027","3.0","LAGUARDIA AIRPORT, NY US","  52.8","24","  29.8","24","1016.2","24","015.1","24","  9.6","24"," 16.9","24"," 26.0"," 35.9","  68.0"," ","  44.1"," "," 0.00","G","999.9","000000"
"72503014732","2016-05-17","40.77945","-73.88027","3.0","LAGUARDIA AIRPORT, NY US","  62.3","24","  38.4","24","1020.9","24","019.8","24"," 10.0","24","  9.2","24"," 14.0"," 19.0","  68.0"," ","  44.1"," "," 0.00","G","999.9","010000"
"72503014732","2016-05-18","40.77945","-73.88027","3.0","LAGUARDIA AIRPORT, NY US","  59.3","24","  44.0","24","1019.9","24","018.9","24"," 10.0","24","  7.2","24"," 12.0"," 17.1","  69.1"," ","  55.0"," "," 0.00","G","999.9","000000"
"72503014732","2016-05-19","40.77945","-73.88027","3.0","LAGUARDIA AIRPORT, NY US","  60.9","24","  44.7","24","1018.9","24","017.8","24"," 10.0","24","  5.3","24"," 12.0"," 15.0","  71.1"," ","  55.0"," "," 0.00","G","999.9","010000"
"72503014732","2016-05-20","40.77945","-73.88027","3.0","LAGUARDIA AIRPORT, NY US","  64.4","24","  44.3","24","1022.1","24","021.0","24"," 10.0","24","  5.7","24"," 15.0"," 17.1","  78.1"," ","  55.9"," "," 0.00","G","999.9","000000"
"72503014732","2016-05-21","40.77945","-73.88027","3.0","LAGUARDIA AIRPORT, NY US","  62.4","24","  47.6","24","1020.0","24","019.0","24"," 10.0","24","  6.3","24"," 11.1","999.9","  78.1"," ","  57.0"," "," 0.00","G","999.9","010000"
"72503014732","2016-05-22","40.77945","-73.88027","3.0","LAGUARDIA AIRPORT, NY US","  60.7","24","  52.8","24","1010.5","24","009.5","24","  9.9","24","  6.5","24","  9.9","999.9","  71.1"," ","  54.0"," "," 0.18","G","999.9","010000"
"72503014732","2016-05-23","40.77945","-73.88027","3.0","LAGUARDIA AIRPORT, NY US","  65.0","24","  55.6","24","1012.1","24","011.0","24","  9.9","24","  6.0","24"," 14.0","999.9","  77.0"," ","  54.0"," "," 0.11","G","999.9","000000"
"72503014732","2016-05-24","40.77945","-73.88027","3.0","LAGUARDIA AIRPORT, NY US","  65.6","24","  56.4","24","1012.5","24","011.4","24","  9.4","24","  5.3","24","  8.9","999.9","  77.0"," ","  55.9"," "," 0.26","G","999.9","010000"
"72503014732","2016-05-25","40.77945","-73.88027","3.0","LAGUARDIA AIRPORT, NY US","  74.4","24","  53.1","24","1016.3","24","015.3","24"," 10.0","24","  3.9","24"," 11.1"," 18.1","  90.0"," ","  60.1"," "," 0.02","G","999.9","000000"
"72503014732","2016-05-26","40.77945","-73.88027","3.0","LAGUARDIA AIRPORT, NY US","  82.2","24","  55.0","24","1017.7","24","016.7","24"," 10.0","24","  7.2","24"," 15.0"," 20.0","  91.9"," ","  60.1"," "," 0.00","G","999.9","000000"
"72503014732","2016-05-27","40.77945","-73.88027","3.0","LAGUARDIA AIRPORT, NY US","  76.6","24","  65.1","24","1017.3","24","016.2","24","  9.8","24","  7.2","24"," 14.0"," 20.0","  91.9"," ","  55.0"," "," 0.00","G","999.9","000000"
"72503014732","2016-05-28","40.77945","-73.88027","3.0","LAGUARDIA AIRPORT, NY US","  79.9","24","  66.5","24","1018.5","24","017.4","24"," 10.0","24","  8.4","24"," 15.0"," 15.9","  91.9"," ","  66.9"," "," 0.00","G","999.9","000000"
"72503014732","2016-05-29","40.77945","-73.88027","3.0","LAGUARDIA AIRPORT, NY US","  80.0","24","  64.4","24","1019.5","24","018.4","24"," 10.0","24","  9.1","24"," 17.1"," 21.0","  91.9"," ","  73.0"," "," 0.00","G","999.9","000000"
"72503014732","2016-05-30","40.77945","-73.88027","3.0","LAGUARDIA AIRPORT, NY US","  73.5","24","  70.7","24","1015.3","19","014.4","24","  8.3","24","  6.6","24"," 15.0"," 19.0","  87.1"," ","  69.1"," "," 1.53","G","999.9","010000"
"72503014732","2016-05-31","40.77945","-73.88027","3.0","LAGUARDIA AIRPORT, NY US","  76.7","24","  67.3","24","1013.8","18","012.6","24","  9.9","24","  7.5","24"," 13.0"," 15.9","  86.0"," ","  69.1"," "," 0.00","I","999.9","000000"
"72503014732","2016-06-01","40.77945","-73.88027","3.0","LAGUARDIA AIRPORT, NY US","  76.0","24","  60.1","24","1017.1","24","016.1","24","  9.9","24","  6.7","24"," 12.0"," 15.0","  84.0"," ","  68.0"," "," 0.00","G","999.9","000000"
"72503014732","2016-06-02","40.77945","-73.88027","3.0","LAGUARDIA AIRPORT, NY US","  68.9","24","  59.1","24","1020.1","22","019.1","24"," 10.0","24","  9.2","24"," 13.0"," 20.0","  82.9"," ","  62.1"," "," 0.00","G","999.9","000000"
"72503014732","2016-06-03","40.77945","-73.88027","3.0","LAGUARDIA AIRPORT, NY US","  66.3","24","  60.3","24","1017.9","22","017.0","24","  9.2","24","  6.3","24","  9.9","999.9","  73.9"," ","  62.1"," "," 0.00","G","999.9","010000"
"72503014732","2016-06-04","40.77945","-73.88027","3.0","LAGUARDIA AIRPORT, NY US","  72.8","24","  63.6","24","1015.4","24","014.5","24","  9.5","24","  5.5","24"," 12.0","999.9","  82.9"," ","  63.0"," "," 0.02","G","999.9","010000"
"72503014732","2016-06-05","40.77945","-73.88027","3.0","LAGUARDIA AIRPORT, NY US","  69.3","24","  64.0","24","1010.1","20","008.7","24","  7.5","24","  7.5","24"," 13.0"," 35.9","  82.9"," ","  66.0"," "," 0.27","G","999.9","010010"
"72503014732","2016-06-06","40.77945","-73.88027","3.0","LAGUARDIA AIRPORT, NY US","  75.1","24","  60.7","24","1004.0","24","003.0","24","  9.9","24","  9.1","24"," 14.0"," 21.0","  87.1"," ","  66.9"," "," 0.67","G","999.9","010000"
"72503014732","2016-06-07","40.77945","-73.88027","3.0","LAGUARDIA AIRPORT, NY US","  79.3","24","  57.3","24","1000.5","24","999.5","24"," 10.0","24","  9.1","24"," 18.1"," 29.9","  87.1"," ","  68.0"," "," 0.00","G","999.9","000000"
"72503014732","2016-06-08","40.77945","-73.88027","3.0","LAGUARDIA AIRPORT, NY US","  64.9","24","  49.9","24","1002.3","24","001.2","24","  9.4","24"," 13.0","24"," 19.0"," 28.0","  87.1"," ","  55.0"," "," 0.01","G","999.9","010000"
"72503014732","2016-06-09","40.77945","-73.88027","3.0","LAGUARDIA AIRPORT, NY US","  63.6","24","  41.4","24","1009.0","24","007.9","24"," 10.0","24"," 17.1","24"," 22.0"," 29.9","  73.9"," ","  55.0"," "," 0.44","G","999.9","000000"
"72503014732","2016-06-10","40.77945","-73.88027","3.0","LAGUARDIA AIRPORT, NY US","  67.9","24","  38.3","24","1013.9","24","012.9","24"," 10.0","24"," 12.0","24"," 19.0"," 27.0","  78.1"," ","  55.9"," "," 0.00","G","999.9","000000"
"72503014732","2016-06-11","40.77945","-73.88027","3.0","LAGUARDIA AIRPORT, NY US","  74.6","24","  50.4","24","1013.4","24","012.3","24","  9.7","24","  7.0","24"," 17.1"," 24.1","  90.0"," ","  59.0"," "," 0.00","G","999.9","010000"
"72503014732","2016-06-12","40.77945","-73.88027","3.0","LAGUARDIA AIRPORT, NY US","  80.2","24","  56.7","24","1004.2","24","003.1","24"," 10.0","24"," 14.0","24"," 28.9"," 36.9","  90.0"," ","  64.0"," "," 0.10","G","999.9","000000"
"72503014732","2016-06-13","40.77945","-73.88027","3.0","LAGUARDIA AIRPORT, NY US","  66.0","24","  47.4","24","1009.2","24","008.2","24"," 10.0","24"," 16.9","24"," 28.9"," 32.1","  86.0"," ","  59.0"," "," 0.00","G","999.9","000000"
"72503014732","2016-06-14","40.77945","-73.88027","3.0","LAGUARDIA AIRPORT, NY US","  69.0","24","  46.6","24","1011.7","24","010.7","24"," 10.0","24"," 11.2","24"," 22.0","999.9","  81.0"," ","  59.0"," "," 0.00","G","999.9","000000"
"72503014732","2016-06-15","40.77945","-73.88027","3.0","LAGUARDIA AIRPORT, NY US","  75.3","24","  48.4","24","1013.3","24","012.4","24","  9.7","24","  6.2","24"," 14.0"," 20.0","  87.1"," ","  60.1"," "," 0.00","G","999.9","000000"
"72503014732","2016-06-16","40.77945","-73.88027","3.0","LAGUARDIA AIRPORT, NY US","  73.3","24","  60.0","24","1008.8","24","007.8","24","  9.7","24","  4.4","24","  8.0","999.9","  87.1"," ","  66.0"," "," 0.12","G","999.9","010000"
"72503014732","2016-06-17","40.77945","-73.88027","3.0","LAGUARDIA AIRPORT, NY US","  71.2","24","  56.0","24","1011.4","24","010.4","24"," 10.0","24","  6.4","24"," 15.0"," 17.1","  77.0"," ","  66.0"," "," 0.00","A","999.9","000000"
"72503014732","2016-06-18","40.77945","-73.88027","3.0","LAGUARDIA AIRPORT, NY US","  73.0","24","  49.1","24","1021.4","24","020.4","24"," 10.0","24","  5.3","24"," 14.0"," 18.1","  86.0"," ","  63.0"," "," 0.00","G","999.9","000000"
"72503014732","2016-06-19","40.77945","-73.88027","3.0","LAGUARDIA AIRPORT, NY US","  75.1","24","  55.9","24","1025.0","24","024.0","24"," 10.0","24","  7.5","24"," 15.0","999.9","  86.0"," ","  63.0"," "," 0.00","G","999.9","000000"
"72503014732","2016-06-20","40.77945","-73.88027","3.0","LAGUARDIA AIRPORT, NY US","  73.4","24","  60.2","24","1021.2","24","020.2","24"," 10.0","24","  6.9","24"," 13.0"," 17.1","  84.0"," ","  66.0"," "," 0.00","G","999.9","000000"
"72503014732","2016-06-21","40.77945","-73.88027","3.0","LAGUARDIA AIRPORT, NY US","  80.8","24","  57.8","24","1009.5","24","008.4","24"," 10.0","24"," 10.0","24"," 20.0"," 26.0","  89.1"," ","  66.0"," "," 0.00","G","999.9","010000"
"72503014732","2016-06-22","40.77945","-73.88027","3.0","LAGUARDIA AIRPORT, NY US","  77.9","24","  51.3","24","1009.1","24","008.1","24"," 10.0","24","  8.8","24"," 24.1"," 31.1","  89.1"," ","  66.9"," "," 0.00","G","999.9","000000"
"72503014732","2016-06-23","40.77945","-73.88027","3.0","LAGUARDIA AIRPORT, NY US","  74.3","24","  56.2","24","1011.2","24","010.2","24"," 10.0","24","  6.8","24","  9.9","999.9","  86.0"," ","  66.9"," "," 0.00","G","999.9","000000"
"72503014732","2016-06-24","40.77945","-73.88027","3.0","LAGUARDIA AIRPORT, NY US","  74.7","24","  58.9","24","1014.7","24","013.6","24","  9.5","24","  8.7","24"," 15.0","999.9","  84.9"," ","  68.0"," "," 0.00","G","999.9","000000"
"72503014732","2016-06-25","40.77945","-73.88027","3.0","LAGUARDIA AIRPORT, NY US","  73.3","24","  57.1","24","1020.9","24","019.9","24"," 10.0","24","  8.0","24"," 11.1"," 20.0","  84.9"," ","  64.9"," "," 0.00","G","999.9","000000"
"72503014732","2016-06-26","40.77945","-73.88027","3.0","LAGUARDIA AIRPORT, NY US","  75.8","24","  56.1","24","1022.4","24","021.4","24"," 10.0","24","  7.5","24"," 17.1","999.9","  86.0"," ","  64.9"," "," 0.00","G","999.9","000000"
"72503014732","2016-06-27","40.77945","-73.88027","3.0","LAGUARDIA AIRPORT, NY US","  75.7","24","  57.9","24","1018.5","24","017.4","24"," 10.0","24","  9.9","24"," 20.0"," 25.1","  86.0"," ","  69.1"," "," 0.00","G","999.9","000000"
"72503014732","2016-06-28","40.77945","-73.88027","3.0","LAGUARDIA AIRPORT, NY US","  72.6","24","  67.9","24","1014.3","17","013.4","24","  9.2","24","  9.3","24"," 14.0"," 20.0","  84.0"," ","  69.1"," "," 0.54","G","999.9","010000"
"72503014732","2016-06-29","40.77945","-73.88027","3.0","LAGUARDIA AIRPORT, NY US","  75.7","24","  64.7","24","1011.2","18","010.2","24","  8.9","24","  5.5","24"," 12.0"," 22.0","  87.1"," ","  70.0"," "," 0.07","G","999.9","010000"
"72503014732","2016-06-30","40.77945","-73.88027","3.0","LAGUARDIA AIRPORT, NY US","  77.6","24","  56.9","24","1014.7","24","013.7","24"," 10.0","24","  6.9","24"," 14.0","999.9","  87.1"," ","  70.0"," "," 0.00","G","999.9","000000"
"72503014732","2016-07-01","40.77945","-73.88027","3.0","LAGUARDIA AIRPORT, NY US","  76.9","24","  64.4","24","1014.6","23","013.8","24","  9.8","24","  8.4","24"," 15.9"," 22.9","  87.1"," ","  70.0"," "," 0.00","G","999.9","010010"
"72503014732","2016-07-02","40.77945","-73.88027","3.0","LAGUARDIA AIRPORT, NY US","  72.9","24","  57.9","24","1013.8","21","012.3","24","  9.7","24"," 11.5","24"," 17.1"," 22.9","  81.0"," ","  68.0"," "," 0.28","G","999.9","010010"
"72503014732","2016-07-03","40.77945","-73.88027","3.0","LAGUARDIA AIRPORT, NY US","  75.4","24","  50.8","24","1018.1","24","017.1","24"," 10.0","24","  7.3","24"," 14.0"," 17.1","  82.0"," ","  68.0"," "," 0.00","G","999.9","000000"
"72503014732","2016-07-04","40.77945","-73.88027","3.0","LAGUARDIA AIRPORT, NY US","  76.7","24","  57.3","24","1017.4","24","016.4","24"," 10.0","24","  7.8","24"," 19.0","999.9","  86.0"," ","  69.1"," "," 0.00","G","999.9","000000"
"72503014732","2016-07-05","40.77945","-73.88027","3.0","LAGUARDIA AIRPORT, NY US","  76.0","24","  68.1","24","1009.6","18","008.5","24","  7.5","24","  6.3","24"," 11.1","999.9","  89.1"," ","  69.1"," "," 1.08","G","999.9","010000"
"72503014732","2016-07-06","40.77945","-73.88027","3.0","LAGUARDIA AIRPORT, NY US","  85.8","24","  66.2","24","1010.1","24","009.0","24"," 10.0","24","  5.3","24"," 13.0"," 18.1","  96.1"," ","  69.1"," "," 0.57","G","999.9","000000"
"72503014732","2016-07-07","40.77945","-73.88027","3.0","LAGUARDIA AIRPORT, NY US","  85.1","24","  70.7","24","1008.2","24","007.2","24"," 10.0","24","  7.3","24"," 14.0"," 18.1","  96.1"," ","  77.0"," "," 0.00","G","999.9","000000"
"72503014732","2016-07-08","40.77945","-73.88027","3.0","LAGUARDIA AIRPORT, NY US","  78.8","24","  71.2","24","1008.1","24","007.0","24","  9.7","24","  6.5","24"," 13.0","999.9","  93.0"," ","  73.9"," "," 0.02","G","999.9","010000"
"72503014732","2016-07-09","40.77945","-73.88027","3.0","LAGUARDIA AIRPORT, NY US","  70.3","24","  63.2","24","1010.6","21","009.6","24","  9.8","24","  9.0","24"," 12.0"," 15.0","  86.0"," ","  66.0"," "," 0.01","G","999.9","010000"
"72503014732","2016-07-10","40.77945","-73.88027","3.0","LAGUARDIA AIRPORT, NY US","  73.0","24","  64.4","24","1010.3","20","009.2","24","  9.3","24","  7.0","24"," 15.9"," 22.0","  81.0","*","  66.9","*"," 0.41","G","999.9","010000"
"72503014732","2016-07-11","40.77945","-73.88027","3.0","LAGUARDIA AIRPORT, NY US","  74.5","24","  58.7","24","1016.6","24","015.6","24"," 10.0","24","  8.7","24"," 19.0"," 22.9","  82.0","*","  68.5","*"," 0.00","G","999.9","000000"
"72503014732","2016-07-12","40.77945","-73.88027","3.0","LAGUARDIA AIRPORT, NY US","  76.6","24","  62.2","24","1019.1","24","018.1","24"," 10.0","24","  8.1","24"," 17.1"," 22.0","  84.0"," ","  69.1"," "," 0.00","G","999.9","000000"
"72503014732","2016-07-13","40.77945","-73.88027","3.0","LAGUARDIA AIRPORT, NY US","  78.1","24","  66.1","24","1017.8","24","016.7","24"," 10.0","24","  8.8","24"," 17.1"," 20.0","  86.0"," ","  71.1"," "," 0.00","G","999.9","000000"
"72503014732","2016-07-14","40.77945","-73.88027","3.0","LAGUARDIA AIRPORT, NY US","  80.4","24","  72.4","24","1012.9","17","012.1","24"," 10.0","24","  7.8","24"," 27.0"," 46.0","  91.0"," ","  73.0"," "," 0.00","G","999.9","010010"
"72503014732","2016-07-15","40.77945","-73.88027","3.0","LAGUARDIA AIRPORT, NY US","  86.6","24","  69.8","24","1010.3","24","009.2","24"," 10.0","24","  6.4","24"," 14.0"," 20.0","  91.9"," ","  75.0"," "," 0.50","G","999.9","000000"
"72503014732","2016-07-16","40.77945","-73.88027","3.0","LAGUARDIA AIRPORT, NY US","  84.1","24","  65.4","24","1014.6","24","013.5","24","  9.8","24","  8.0","24"," 13.0"," 22.0","  91.9"," ","  77.0"," "," 0.00","G","999.9","010000"
"72503014732","2016-07-17","40.77945","-73.88027","3.0","LAGUARDIA AIRPORT, NY US","  83.1","24","  66.1","24","1017.9","24","016.8","24","  9.9","24","  5.1","24"," 14.0"," 20.0","  93.0"," ","  77.0"," "," 0.00","G","999.9","000000"
"72503014732","2016-07-18","40.77945","-73.88027","3.0","LAGUARDIA AIRPORT, NY US","  86.3","24","  65.0","24","1017.8","24","016.8","24","  9.9","24","  8.5","24"," 25.1","999.9","  97.0"," ","  77.0"," "," 0.00","G","999.9","010000"
"72503014732","2016-07-19","40.77945","-73.88027","3.0","LAGUARDIA AIRPORT, NY US","  80.2","24","  60.4","24","1017.4","24","016.3","24"," 10.0","24"," 10.9","24"," 15.9"," 22.9","  97.0"," ","  75.9"," "," 0.12","G","999.9","000000"
"72503014732","2016-07-20","40.77945","-73.88027","3.0","LAGUARDIA AIRPORT, NY US","  77.9","24","  52.6","24","1021.7","24","020.7","24"," 10.0","24","  7.2","24"," 12.0"," 15.9","  88.0"," ","  71.1"," "," 0.00","G","999.9","000000"
"72503014732","2016-07-21","40.77945","-73.88027","3.0","LAGUARDIA AIRPORT, NY US","  80.9","24","  60.6","24","1020.2","24","019.2","24"," 10.0","24","  8.3","24"," 15.9"," 22.9","  91.0"," ","  71.1"," "," 0.00","G","999.9","000000"
"72503014732","2016-07-22","40.77945","-73.88027","3.0","LAGUARDIA AIRPORT, NY US","  85.1","24","  67.2","24","1013.8","24","012.8","24"," 10.0","24"," 11.3","24"," 15.9"," 21.0","  98.1"," ","  75.0"," "," 0.00","G","999.9","000000"
"72503014732","2016-07-23","40.77945","-73.88027","3.0","LAGUARDIA AIRPORT, NY US","  89.5","24","  63.5","24","1009.5","24","008.5","24"," 10.0","24"," 11.0","24"," 20.0"," 25.1","  99.0"," ","  75.9"," "," 0.00","G","999.9","000000"
"72503014732","2016-07-24","40.77945","-73.88027","3.0","LAGUARDIA AIRPORT, NY US","  85.2","24","  60.6","24","1013.3","24","012.2","24"," 10.0","24","  7.0","24"," 15.9","999.9","  99.0"," ","  75.9"," "," 0.00","G","999.9","000000"
"72503014732","2016-07-25","40.77945","-73.88027","3.0","LAGUARDIA AIRPORT, NY US","  84.3","24","  69.4","24","1013.0","22","011.8","24","  9.0","24","  8.2","24"," 17.1"," 26.0","  93.9"," ","  75.9"," "," 0.02","G","999.9","010010"
"72503014732","2016-07-26","40.77945","-73.88027","3.0","LAGUARDIA AIRPORT, NY US","  81.7","24","  68.2","24","1011.5","24","010.5","24"," 10.0","24","  8.3","24"," 14.0"," 21.0","  93.9"," ","  75.0"," "," 0.77","G","999.9","010000"
"72503014732","2016-07-27","40.77945","-73.88027","3.0","LAGUARDIA AIRPORT, NY US","  84.5","24","  62.0","24","1013.0","24","012.0","24"," 10.0","24","  6.6","24"," 11.1","999.9","  93.9"," ","  75.0"," "," 0.00","G","999.9","000000"
"72503014732","2016-07-28","40.77945","-73.88027","3.0","LAGUARDIA AIRPORT, NY US","  84.7","24","  68.5","24","1012.0","24","011.0","24"," 10.0","24","  6.1","24"," 18.1"," 22.0","  93.9"," ","  77.0"," "," 0.00","G","999.9","010000"
"72503014732","2016-07-29","40.77945","-73.88027","3.0","LAGUARDIA AIRPORT, NY US","  78.1","24","  68.9","24","1010.7","22","009.5","24","  8.8","24","  8.3","24"," 14.0","999.9","  93.9"," ","  71.1"," "," 0.89","G","999.9","010000"
"72503014732","2016-07-30","40.77945","-73.88027","3.0","LAGUARDIA AIRPORT, NY US","  78.4","24","  70.0","24","1014.6","24","013.5","24","  9.2","24","  7.2","24"," 11.1"," 15.0","  84.9"," ","  71.1"," "," 0.13","G","999.9","010000"
"72503014732","2016-07-31","40.77945","-73.88027","3.0","LAGUARDIA AIRPORT, NY US","  77.7","24","  72.1","24","1015.8","17","014.9","24","  9.6","24","  8.1","24"," 13.0"," 15.0","  84.0"," ","  75.0"," "," 0.18","G","999.9","010000"
"72503014732","2016-08-01","40.77945","-73.88027","3.0","LAGUARDIA AIRPORT, NY US","  74.2","24","  67.7","24","1016.9","21","016.0","24","  9.7","24"," 10.4","24"," 15.0"," 20.0","  82.9"," ","  71.1"," "," 0.57","G","999.9","010010"
"72503014732","2016-08-02","40.77945","-73.88027","3.0","LAGUARDIA AIRPORT, NY US","  74.2","24","  63.0","24","1018.5","24","017.4","24"," 10.0","24"," 10.5","24"," 17.1"," 24.1","  80.1"," ","  71.1"," "," 0.00","G","999.9","000000"
"72503014732","2016-08-03","40.77945","-73.88027","3.0","LAGUARDIA AIRPORT, NY US","  74.2","24","  60.1","24","1020.8","24","019.7","24"," 10.0","24","  7.5","24"," 11.1"," 17.1","  81.0","*","  68.0","*"," 0.00","G","999.9","000000"
"72503014732","2016-08-04","40.77945","-73.88027","3.0","LAGUARDIA AIRPORT, NY US","  75.6","24","  60.2","24","1020.7","24","019.6","24"," 10.0","24","  5.9","24","  9.9"," 18.1","  84.0"," ","  68.0"," "," 0.00","G","999.9","000000"
"72503014732","2016-08-05","40.77945","-73.88027","3.0","LAGUARDIA AIRPORT, NY US","  77.4","24","  61.1","24","1016.7","24","015.6","24","  9.9","24","  8.1","24"," 15.0"," 21.0","  86.0"," ","  70.0"," "," 0.00","G","999.9","000000"
"72503014732","2016-08-06","40.77945","-73.88027","3.0","LAGUARDIA AIRPORT, NY US","  80.8","24","  67.7","24","1008.4","22","007.5","24","  9.9","24","  8.8","24"," 19.0"," 24.1","  91.0"," ","  72.0"," "," 0.00","G","999.9","010000"
"72503014732","2016-08-07","40.77945","-73.88027","3.0","LAGUARDIA AIRPORT, NY US","  81.5","24","  60.3","24","1009.7","24","008.6","24"," 10.0","24","  9.2","24"," 14.0"," 19.0","  91.0"," ","  73.9"," "," 0.00","G","999.9","000000"
"72503014732","2016-08-08","40.77945","-73.88027","3.0","LAGUARDIA AIRPORT, NY US","  80.8","24","  59.3","24","1015.7","24","014.7","24"," 10.0","24","  7.1","24"," 11.1","999.9","  89.1"," ","  73.9"," "," 0.00","G","999.9","000000"
"72503014732","2016-08-09","40.77945","-73.88027","3.0","LAGUARDIA AIRPORT, NY US","  80.8","24","  61.9","24","1021.1","24","020.1","24"," 10.0","24","  6.5","24"," 15.9"," 20.0","  89.1"," ","  75.0"," "," 0.00","G","999.9","000000"
"72503014732","2016-08-10","40.77945","-73.88027","3.0","LAGUARDIA AIRPORT, NY US","  81.5","24","  72.8","24","1020.8","20","020.1","24"," 10.0","24","  9.3","24"," 15.0"," 18.1","  89.1"," ","  75.0"," "," 0.01","G","999.9","010000"
"72503014732","2016-08-11","40.77945","-73.88027","3.0","LAGUARDIA AIRPORT, NY US","  86.8","24","  73.7","24","1017.7","24","016.7","24","  9.7","24","  7.2","24"," 15.9"," 25.1","  97.0"," ","  75.9"," "," 0.05","G","999.9","010010"
"72503014732","2016-08-12","40.77945","-73.88027","3.0","LAGUARDIA AIRPORT, NY US","  86.5","24","  73.5","24","1013.0","24","012.0","24","  9.8","24","  7.9","24"," 22.0"," 28.9","  98.1"," ","  75.9"," "," 0.56","G","999.9","010010"
"72503014732","2016-08-13","40.77945","-73.88027","3.0","LAGUARDIA AIRPORT, NY US","  89.2","24","  75.0","24","1011.7","24","010.6","24"," 10.0","24","  7.0","24"," 15.0","999.9","  98.1"," ","  75.9"," "," 0.07","G","999.9","000000"
"72503014732","2016-08-14","40.77945","-73.88027","3.0","LAGUARDIA AIRPORT, NY US","  90.7","24","  72.2","24","1012.7","24","011.6","24"," 10.0","24","  8.6","24"," 17.1"," 28.9","  97.0","*","  82.0","*"," 0.00","G","999.9","010010"
"72503014732","2016-08-15","40.77945","-73.88027","3.0","LAGUARDIA AIRPORT, NY US","  84.6","24","  70.0","24","1019.0","24","017.7","24","  9.9","24","  5.6","24"," 12.0"," 14.0","  98.1"," ","  78.1"," "," 0.01","G","999.9","010010"
"72503014732","2016-08-16","40.77945","-73.88027","3.0","LAGUARDIA AIRPORT, NY US","  84.9","24","  72.5","24","1020.6","24","019.5","24"," 10.0","24","  9.0","24"," 18.1"," 25.1","  93.0"," ","  78.1"," "," 0.00","G","999.9","010010"
"72503014732","2016-08-17","40.77945","-73.88027","3.0","LAGUARDIA AIRPORT, NY US","  82.8","24","  69.0","24","1015.4","24","014.3","24","  9.7","24"," 11.7","24"," 17.1"," 22.9","  91.0"," ","  78.1"," "," 0.13","G","999.9","010010"
"72503014732","2016-08-18","40.77945","-73.88027","3.0","LAGUARDIA AIRPORT, NY US","  80.3","24","  65.3","24","1015.4","24","014.4","24"," 10.0","24","  5.4","24","  8.0","999.9","  88.0"," ","  75.0"," "," 0.02","G","999.9","010000"
"72503014732","2016-08-19","40.77945","-73.88027","3.0","LAGUARDIA AIRPORT, NY US","  81.6","24","  67.9","24","1013.3","24","012.2","24"," 10.0","24","  6.6","24","  9.9","999.9","  89.1"," ","  75.0"," "," 0.00","A","999.9","000000"
"72503014732","2016-08-20","40.77945","-73.88027","3.0","LAGUARDIA AIRPORT, NY US","  79.0","24","  70.1","24","1013.1","24","012.1","24"," 10.0","24","  6.3","24"," 13.0","999.9","  89.1"," ","  75.0"," "," 0.02","G","999.9","010000"
"72503014732","2016-08-21","40.77945","-73.88027","3.0","LAGUARDIA AIRPORT, NY US","  80.7","24","  70.2","24","1011.0","22","010.1","24"," 10.0","24","  9.7","24"," 17.1"," 24.1","  89.1"," ","  75.0"," "," 0.12","G","999.9","010000"
"72503014732","2016-08-22","40.77945","-73.88027","3.0","LAGUARDIA AIRPORT, NY US","  76.0","24","  62.1","24","1013.4","22","011.5","24","  9.8","24"," 15.1","24"," 22.9"," 27.0","  89.1"," ","  71.1"," "," 0.13","G","999.9","010000"
"72503014732","2016-08-23","40.77945","-73.88027","3.0","LAGUARDIA AIRPORT, NY US","  74.3","24","  49.7","24","1024.1","24","023.1","24"," 10.0","24","  6.4","24"," 15.0"," 15.9","  84.0"," ","  66.9"," "," 0.00","G","999.9","000000"
"72503014732","2016-08-24","40.77945","-73.88027","3.0","LAGUARDIA AIRPORT, NY US","  78.6","24","  59.0","24","1023.9","24","022.9","24"," 10.0","24","  6.4","24"," 15.9"," 20.0","  89.1"," ","  66.9"," "," 0.00","G","999.9","000000"
"72503014732","2016-08-25","40.77945","-73.88027","3.0","LAGUARDIA AIRPORT, NY US","  78.6","24","  63.7","24","1019.2","24","018.1","24"," 10.0","24"," 10.6","24"," 17.1"," 22.9","  89.1"," ","  71.1"," "," 0.00","G","999.9","000000"
"72503014732","2016-08-26","40.77945","-73.88027","3.0","LAGUARDIA AIRPORT, NY US","  83.6","24","  69.7","24","1015.1","24","014.1","24"," 10.0","24","  8.7","24"," 15.9"," 19.0","  91.0"," ","  73.0"," "," 0.01","G","999.9","010000"
"72503014732","2016-08-27","40.77945","-73.88027","3.0","LAGUARDIA AIRPORT, NY US","  82.4","24","  61.0","24","1020.3","24","019.3","24"," 10.0","24","  8.2","24"," 11.1","999.9","  91.0"," ","  75.9"," "," 0.00","G","999.9","000000"
"72503014732","2016-08-28","40.77945","-73.88027","3.0","LAGUARDIA AIRPORT, NY US","  80.7","24","  62.2","24","1023.2","24","022.2","24"," 10.0","24","  6.3","24"," 12.0","999.9","  89.1"," ","  73.9"," "," 0.00","G","999.9","000000"
"72503014732","2016-08-29","40.77945","-73.88027","3.0","LAGUARDIA AIRPORT, NY US","  82.1","24","  64.2","24","1019.5","24","018.5","24"," 10.0","24","  8.6","24"," 13.0","999.9","  91.0"," ","  73.9"," "," 0.00","G","999.9","000000"
"72503014732","2016-08-30","40.77945","-73.88027","3.0","LAGUARDIA AIRPORT, NY US","  79.0","24","  60.0","24","1019.8","24","018.8","24"," 10.0","24","  9.0","24"," 13.0"," 17.1","  91.0"," ","  72.0"," "," 0.00","G","999.9","000000"
"72503014732","2016-08-31","40.77945","-73.88027","3.0","LAGUARDIA AIRPORT, NY US","  80.5","24","  68.1","24","1015.0","23","014.2","24"," 10.0","24","  7.5","24"," 12.0","999.9","  90.0"," ","  72.0"," "," 0.00","G","999.9","000000"
"72503014732","2016-09-01","40.77945","-73.88027","3.0","LAGUARDIA AIRPORT, NY US","  76.9","24","  67.2","24","1010.8","23","009.7","24","  9.7","24","  5.6","24"," 11.1"," 18.1","  90.0"," ","  73.0"," "," 0.03","G","999.9","010000"
"72503014732","2016-09-02","40.77945","-73.88027","3.0","LAGUARDIA AIRPORT, NY US","  75.0","24","  58.0","24","1016.1","24","015.1","24"," 10.0","24","  9.2","24"," 14.0"," 17.1","  82.9"," ","  68.0"," "," 0.31","G","999.9","000000"
"72503014732","2016-09-03","40.77945","-73.88027","3.0","LAGUARDIA AIRPORT, NY US","  73.5","24","  59.4","24","1020.6","21","019.8","24","  9.9","24"," 10.8","24"," 15.9","999.9","  82.9"," ","  68.0"," "," 0.00","G","999.9","000000"
"72503014732","2016-09-04","40.77945","-73.88027","3.0","LAGUARDIA AIRPORT, NY US","  72.1","24","  55.5","24","1022.4","24","021.4","24"," 10.0","24","  9.5","24"," 18.1"," 24.1","  81.0"," ","  66.0"," "," 0.00","G","999.9","000000"
"72503014732","2016-09-05","40.77945","-73.88027","3.0","LAGUARDIA AIRPORT, NY US","  73.8","24","  53.8","24","1021.4","24","020.3","24"," 10.0","24"," 10.8","24"," 18.1"," 22.0","  84.0"," ","  66.0"," "," 0.00","G","999.9","000000"
"72503014732","2016-09-06","40.77945","-73.88027","3.0","LAGUARDIA AIRPORT, NY US","  77.8","24","  60.2","24","1014.3","24","013.3","24"," 10.0","24"," 15.2","24"," 20.0"," 28.0","  84.0"," ","  66.9"," "," 0.00","G","999.9","010000"
"72503014732","2016-09-07","40.77945","-73.88027","3.0","LAGUARDIA AIRPORT, NY US","  77.2","24","  67.0","24","1014.7","22","013.8","24","  9.8","24"," 11.2","24"," 14.0"," 22.0","  86.0","*","  71.6","*"," 0.01","G","999.9","010000"
"72503014732","2016-09-08","40.77945","-73.88027","3.0","LAGUARDIA AIRPORT, NY US","  79.0","24","  68.9","24","1012.4","24","011.6","24"," 10.0","24","  6.0","24"," 12.0"," 15.0","  88.0"," ","  72.0"," "," 0.00","G","999.9","000000"
"72503014732","2016-09-09","40.77945","-73.88027","3.0","LAGUARDIA AIRPORT, NY US","  86.5","24","  70.1","24","1011.0","24","009.9","24"," 10.0","24","  7.5","24"," 12.0"," 17.1","  93.0"," ","  73.0"," "," 0.00","G","999.9","000000"
"72503014732","2016-09-10","40.77945","-73.88027","3.0","LAGUARDIA AIRPORT, NY US","  82.2","24","  73.0","24","1014.8","24","013.8","24","  9.8","24","  7.1","24"," 14.0","999.9","  93.0"," ","  75.9"," "," 0.05","G","999.9","010000"
"72503014732","2016-09-11","40.77945","-73.88027","3.0","LAGUARDIA AIRPORT, NY US","  80.6","24","  65.4","24","1014.1","21","012.4","24","  9.8","24"," 11.5","24"," 18.1"," 28.0","  91.0"," ","  75.9"," "," 0.00","G","999.9","000000"
"72503014732","2016-09-12","40.77945","-73.88027","3.0","LAGUARDIA AIRPORT, NY US","  71.3","24","  51.0","24","1022.4","24","021.3","24"," 10.0","24","  8.2","24"," 12.0"," 17.1","  84.0"," ","  64.0"," "," 0.00","G","999.9","000000"
"72503014732","2016-09-13","40.77945","-73.88027","3.0","LAGUARDIA AIRPORT, NY US","  73.2","24","  58.3","24","1022.3","24","021.3","24"," 10.0","24","  7.7","24"," 15.0"," 18.1","  82.0"," ","  64.0"," "," 0.00","G","999.9","000000"
"72503014732","2016-09-14","40.77945","-73.88027","3.0","LAGUARDIA AIRPORT, NY US","  78.0","24","  60.7","24","1018.0","24","017.0","24","  9.7","24","  8.5","24"," 21.0"," 35.9","  91.9"," ","  68.0"," "," 0.00","G","999.9","010010"
"72503014732","2016-09-15","40.77945","-73.88027","3.0","LAGUARDIA AIRPORT, NY US","  70.4","24","  50.5","24","1022.6","24","021.6","24"," 10.0","24"," 10.3","24"," 15.9"," 22.0","  91.9"," ","  63.0"," "," 0.37","G","999.9","000000"
"72503014732","2016-09-16","40.77945","-73.88027","3.0","LAGUARDIA AIRPORT, NY US","  68.5","24","  53.2","24","1025.6","24","024.6","24"," 10.0","24","  6.4","24"," 11.1"," 15.9","  75.0"," ","  63.0"," "," 0.00","G","999.9","000000"
"72503014732","2016-09-17","40.77945","-73.88027","3.0","LAGUARDIA AIRPORT, NY US","  69.2","24","  55.9","24","1023.5","24","022.5","24"," 10.0","24","  6.3","24"," 14.0","999.9","  78.1"," ","  64.0"," "," 0.00","G","999.9","000000"
"72503014732","2016-09-18","40.77945","-73.88027","3.0","LAGUARDIA AIRPORT, NY US","  76.3","24","  67.3","24","1017.8","23","016.9","24"," 10.0","24","  8.8","24"," 13.0"," 18.1","  84.9"," ","  64.0"," "," 0.00","G","999.9","000000"
"72503014732","2016-09-19","40.77945","-73.88027","3.0","LAGUARDIA AIRPORT, NY US","  75.2","24","  70.0","24","1016.5","20","015.4","24","  9.0","24","  5.9","24"," 12.0"," 19.0","  84.9"," ","  72.0"," "," 0.31","G","999.9","010000"
"72503014732","2016-09-20","40.77945","-73.88027","3.0","LAGUARDIA AIRPORT, NY US","  75.4","24","  67.3","24","1018.7","21","017.6","24"," 10.0","24","  5.1","24","  8.0","999.9","  84.0"," ","  71.1"," "," 0.47","G","999.9","000000"
"72503014732","2016-09-21","40.77945","-73.88027","3.0","LAGUARDIA AIRPORT, NY US","  77.6","24","  61.4","24","1020.3","24","019.2","24"," 10.0","24","  4.0","24","  8.9","999.9","  84.9"," ","  71.1"," "," 0.00","G","999.9","000000"
"72503014732","2016-09-22","40.77945","-73.88027","3.0","LAGUARDIA AIRPORT, NY US","  76.8","24","  53.1","24","1020.7","24","019.7","24"," 10.0","24","  5.8","24","  9.9"," 21.0","  86.0"," ","  70.0"," "," 0.00","G","999.9","000000"
"72503014732","2016-09-23","40.77945","-73.88027","3.0","LAGUARDIA AIRPORT, NY US","  77.2","24","  55.8","24","1016.5","24","015.5","24"," 10.0","24","  4.3","24","  9.9","999.9","  89.1"," ","  69.1"," "," 0.00","G","999.9","000000"
"72503014732","2016-09-24","40.77945","-73.88027","3.0","LAGUARDIA AIRPORT, NY US","  68.5","24","  53.6","24","1017.5","21","016.5","24","  9.7","24","  9.5","24"," 15.9"," 19.0","  89.1"," ","  59.0"," "," 0.44","G","999.9","010000"
"72503014732","2016-09-25","40.77945","-73.88027","3.0","LAGUARDIA AIRPORT, NY US","  64.2","24","  40.1","24","1021.1","24","020.0","24"," 10.0","24","  6.8","24"," 12.0"," 15.0","  72.0"," ","  57.9"," "," 0.20","G","999.9","000000"
"72503014732","2016-09-26","40.77945","-73.88027","3.0","LAGUARDIA AIRPORT, NY US","  65.6","24","  44.6","24","1021.0","24","020.0","24","  9.9","24","  7.2","24"," 15.0"," 22.9","  73.0"," ","  57.0"," "," 0.00","G","999.9","000000"
"72503014732","2016-09-27","40.77945","-73.88027","3.0","LAGUARDIA AIRPORT, NY US","  70.5","24","  58.6","24","1013.6","22","012.4","24","  9.7","24","  8.4","24"," 15.0"," 19.0","  75.9"," ","  57.0"," "," 0.15","G","999.9","010000"
"72503014732","2016-09-28","40.77945","-73.88027","3.0","LAGUARDIA AIRPORT, NY US","  67.6","24","  60.1","24","1017.1","16","016.5","24","  9.9","24"," 10.8","24"," 20.0"," 26.0","  75.9"," ","  62.1"," "," 0.00","H","999.9","010000"
"72503014732","2016-09-29","40.77945","-73.88027","3.0","LAGUARDIA AIRPORT, NY US","  63.2","24","  54.7","24","1026.2","22","025.0","24","  9.6","24"," 18.2","24"," 22.9"," 29.9","  71.1"," ","  60.1"," "," 0.00","G","999.9","010000"
"72503014732","2016-09-30","40.77945","-73.88027","3.0","LAGUARDIA AIRPORT, NY US","  62.1","24","  55.3","24","1026.4","18","025.0","24","  7.2","24"," 21.8","24"," 27.0"," 35.0","  66.9"," ","  60.1"," "," 0.00","G","999.9","010000"
"72503014732","2016-10-01","40.77945","-73.88027","3.0","LAGUARDIA AIRPORT, NY US","  60.5","24","  56.4","24","1022.7","20","021.8","24","  7.7","24"," 12.7","24"," 19.0"," 22.9","  64.0","*","  57.2","*"," 0.39","G","999.9","010000"
"72503014732","2016-10-02","40.77945","-73.88027","3.0","LAGUARDIA AIRPORT, NY US","  60.7","24","  56.2","24","1019.3","22","018.3","24","  9.0","24","  8.1","24"," 17.1","999.9","  64.4","*","  57.2","*"," 0.00","G","999.9","010000"
"72503014732","2016-10-03","40.77945","-73.88027","3.0","LAGUARDIA AIRPORT, NY US","  66.4","24","  58.1","24","1016.3","18","015.1","24","  9.5","24","  4.8","24","  8.9","999.9","  73.0"," ","  57.9"," "," 0.00","G","999.9","000000"
"72503014732","2016-10-04","40.77945","-73.88027","3.0","LAGUARDIA AIRPORT, NY US","  66.5","24","  56.4","24","1023.0","22","021.9","24","  9.8","24","  9.4","24"," 15.0","999.9","  73.0"," ","  62.1"," "," 0.00","G","999.9","010000"
"72503014732","2016-10-05","40.77945","-73.88027","3.0","LAGUARDIA AIRPORT, NY US","  62.1","24","  49.7","24","1026.6","24","025.6","24"," 10.0","24","  9.7","24"," 15.0","999.9","  71.1"," ","  55.0"," "," 0.00","G","999.9","000000"
"72503014732","2016-10-06","40.77945","-73.88027","3.0","LAGUARDIA AIRPORT, NY US","  64.7","24","  52.8","24","1025.7","24","024.6","24"," 10.0","24","  4.4","24","  8.9","999.9","  75.0"," ","  55.0"," "," 0.00","G","999.9","000000"
"72503014732","2016-10-07","40.77945","-73.88027","3.0","LAGUARDIA AIRPORT, NY US","  65.9","24","  54.8","24","1025.0","24","024.0","24","  9.1","24","  5.3","24","  9.9","999.9","  77.0"," ","  59.0"," "," 0.00","G","999.9","000000"
"72503014732","2016-10-08","40.77945","-73.88027","3.0","LAGUARDIA AIRPORT, NY US","  64.9","24","  59.4","24","1019.9","23","018.8","24","  9.8","24","  5.2","24","  8.0","999.9","  77.0"," ","  60.1"," "," 0.00","G","999.9","010000"
"72503014732","2016-10-09","40.77945","-73.88027","3.0","LAGUARDIA AIRPORT, NY US","  61.4","24","  54.5","24","1015.5","23","014.3","24","  8.8","24"," 11.2","24"," 19.0"," 27.0","  69.1"," ","  54.0"," "," 0.30","G","999.9","010000"
"72503014732","2016-10-10","40.77945","-73.88027","3.0","LAGUARDIA AIRPORT, NY US","  57.0","24","  36.2","24","1021.3","24","020.3","24"," 10.0","24"," 12.3","24"," 18.1"," 28.0","  66.9"," ","  50.0"," "," 0.32","G","999.9","000000"
"72503014732","2016-10-11","40.77945","-73.88027","3.0","LAGUARDIA AIRPORT, NY US","  56.1","24","  38.3","24","1029.9","24","028.8","24"," 10.0","24","  6.7","24","  9.9","999.9","  64.9"," ","  48.9"," "," 0.00","G","999.9","000000"
"72503014732","2016-10-12","40.77945","-73.88027","3.0","LAGUARDIA AIRPORT, NY US","  60.8","24","  49.1","24","1027.6","24","026.6","24","  9.9","24","  4.8","24","  9.9","999.9","  69.1"," ","  48.9"," "," 0.00","G","999.9","000000"
"72503014732","2016-10-13","40.77945","-73.88027","3.0","LAGUARDIA AIRPORT, NY US","  62.5","24","  54.9","24","1019.7","24","018.7","24","  9.8","24","  5.4","24"," 12.0"," 15.0","  70.0"," ","  55.9"," "," 0.00","G","999.9","010000"
"72503014732","2016-10-14","40.77945","-73.88027","3.0","LAGUARDIA AIRPORT, NY US","  57.4","24","  39.3","24","1024.9","24","023.8","24"," 10.0","24","  9.9","24"," 18.1"," 22.0","  70.0"," ","  50.0"," "," 0.00","G","999.9","000000"
"72503014732","2016-10-15","40.77945","-73.88027","3.0","LAGUARDIA AIRPORT, NY US","  57.3","24","  40.1","24","1028.9","24","027.9","24"," 10.0","24","  5.6","24","  9.9","999.9","  66.0"," ","  48.9"," "," 0.00","G","999.9","000000"
"72503014732","2016-10-16","40.77945","-73.88027","3.0","LAGUARDIA AIRPORT, NY US","  62.2","24","  50.2","24","1022.9","24","021.9","24"," 10.0","24","  7.5","24"," 13.0","999.9","  73.9"," ","  48.9"," "," 0.00","G","999.9","000000"
"72503014732","2016-10-17","40.77945","-73.88027","3.0","LAGUARDIA AIRPORT, NY US","  72.1","24","  58.5","24","1014.1","24","013.0","24"," 10.0","24","  5.4","24","  9.9"," 15.9","  82.9"," ","  55.0"," "," 0.00","G","999.9","000000"
"72503014732","2016-10-18","40.77945","-73.88027","3.0","LAGUARDIA AIRPORT, NY US","  74.6","24","  61.8","24","1012.0","24","011.0","24"," 10.0","24","  7.1","24"," 12.0","999.9","  82.9"," ","  66.0"," "," 0.00","G","999.9","000000"
"72503014732","2016-10-19","40.77945","-73.88027","3.0","LAGUARDIA AIRPORT, NY US","  77.1","24","  61.6","24","1013.0","24","012.0","24"," 10.0","24","  8.6","24"," 13.0","999.9","  86.0"," ","  68.0"," "," 0.00","G","999.9","000000"
"72503014732","2016-10-20","40.77945","-73.88027","3.0","LAGUARDIA AIRPORT, NY US","  68.3","24","  55.1","24","1019.4","24","018.4","24"," 10.0","24","  8.9","24"," 14.0","999.9","  86.0"," ","  63.0"," "," 0.00","G","999.9","000000"
"72503014732","2016-10-21","40.77945","-73.88027","3.0","LAGUARDIA AIRPORT, NY US","  69.5","24","  65.3","24","1008.5","19","007.6","24","  7.5","24","  7.4","24"," 12.0"," 18.1","  73.0"," ","  63.0"," "," 0.00","G","999.9","010000"
"72503014732","2016-10-22","40.77945","-73.88027","3.0","LAGUARDIA AIRPORT, NY US","  55.8","24","  49.4","24"," 997.3","20","995.9","24","  8.5","24"," 14.0","24"," 24.1"," 35.9","  71.1"," ","  48.9"," "," 2.05","G","999.9","110000"
"72503014732","2016-10-23","40.77945","-73.88027","3.0","LAGUARDIA AIRPORT, NY US","  54.4","24","  33.2","24","1007.6","24","006.6","24"," 10.0","24"," 15.9","24"," 26.0"," 35.9","  64.0"," ","  48.0"," "," 0.07","G","999.9","000000"
"72503014732","2016-10-24","40.77945","-73.88027","3.0","LAGUARDIA AIRPORT, NY US","  58.8","24","  42.0","24","1011.9","24","010.9","24"," 10.0","24"," 11.6","24"," 20.0"," 26.0","  64.0"," ","  48.0"," "," 0.00","G","999.9","000000"
"72503014732","2016-10-25","40.77945","-73.88027","3.0","LAGUARDIA AIRPORT, NY US","  50.9","24","  33.1","24","1021.7","24","020.7","24"," 10.0","24"," 14.5","24"," 21.0"," 28.9","  64.0"," ","  48.0"," "," 0.00","G","999.9","000000"
"72503014732","2016-10-26","40.77945","-73.88027","3.0","LAGUARDIA AIRPORT, NY US","  47.1","24","  27.3","24","1028.5","24","027.5","24"," 10.0","24"," 11.3","24"," 15.9"," 22.9","  55.0"," ","  41.0"," "," 0.00","G","999.9","000000"
"72503014732","2016-10-27","40.77945","-73.88027","3.0","LAGUARDIA AIRPORT, NY US","  45.7","24","  32.8","24","1029.0","20","027.6","24","  9.3","24","  9.9","24"," 13.0"," 20.0","  57.0"," ","  41.0"," "," 0.00","G","999.9","010000"
"72503014732","2016-10-28","40.77945","-73.88027","3.0","LAGUARDIA AIRPORT, NY US","  50.6","24","  41.6","24","1018.9","21","017.3","24","  9.0","24"," 14.9","24"," 25.1"," 36.9","  57.9"," ","  42.1"," "," 1.32","G","999.9","010000"
"72503014732","2016-10-29","40.77945","-73.88027","3.0","LAGUARDIA AIRPORT, NY US","  51.0","24","  35.7","24","1019.7","24","018.7","24"," 10.0","24","  8.2","24"," 14.0"," 17.1","  66.0"," ","  44.1"," "," 0.00","G","999.9","000000"
"72503014732","2016-10-30","40.77945","-73.88027","3.0","LAGUARDIA AIRPORT, NY US","  67.7","24","  54.0","24","1011.5","23","010.3","24","  9.4","24","  7.1","24"," 22.9"," 28.0","  78.1","*","  60.1","*"," 0.00","G","999.9","010010"
"72503014732","2016-10-31","40.77945","-73.88027","3.0","LAGUARDIA AIRPORT, NY US","  53.0","24","  38.1","24","1019.0","24","018.0","24"," 10.0","24"," 10.7","24"," 19.0"," 26.0","  60.1","*","  46.9","*"," 0.76","G","999.9","000000"
"72503014732","2016-11-01","40.77945","-73.88027","3.0","LAGUARDIA AIRPORT, NY US","  50.8","24","  38.1","24","1026.8","24","025.8","24"," 10.0","24","  6.2","24"," 11.1","999.9","  61.0"," ","  44.1"," "," 0.00","G","999.9","000000"
"72503014732","2016-11-02","40.77945","-73.88027","3.0","LAGUARDIA AIRPORT, NY US","  61.2","24","  49.3","24","1024.0","24","023.0","24"," 10.0","24","  7.1","24"," 11.1","999.9","  72.0"," ","  44.1"," "," 0.00","G","999.9","000000"
"72503014732","2016-11-03","40.77945","-73.88027","3.0","LAGUARDIA AIRPORT, NY US","  66.8","24","  55.5","24","1015.0","24","013.9","24","  9.0","24","  7.4","24"," 19.0"," 25.1","  75.0"," ","  55.9"," "," 0.00","G","999.9","000000"
"72503014732","2016-11-04","40.77945","-73.88027","3.0","LAGUARDIA AIRPORT, NY US","  59.1","24","  40.2","24","1017.8","24","016.8","24"," 10.0","24"," 11.4","24"," 19.0"," 20.0","  75.0"," ","  55.0"," "," 0.00","G","999.9","000000"
"72503014732","2016-11-05","40.77945","-73.88027","3.0","LAGUARDIA AIRPORT, NY US","  54.9","24","  34.8","24","1022.6","24","021.6","24"," 10.0","24"," 10.8","24"," 18.1"," 25.1","  64.0"," ","  48.0"," "," 0.00","G","999.9","000000"
"72503014732","2016-11-06","40.77945","-73.88027","3.0","LAGUARDIA AIRPORT, NY US","  57.7","24","  39.2","24","1021.6","24","020.5","24"," 10.0","24"," 12.0","24"," 17.1"," 22.9","  64.0"," ","  48.0"," "," 0.00","G","999.9","000000"
"72503014732","2016-11-07","40.77945","-73.88027","3.0","LAGUARDIA AIRPORT, NY US","  49.0","24","  28.5","24","1029.8","24","028.8","24"," 10.0","24"," 10.0","24"," 14.0"," 21.0","  60.1"," ","  43.0"," "," 0.00","G","999.9","000000"
"72503014732","2016-11-08","40.77945","-73.88027","3.0","LAGUARDIA AIRPORT, NY US","  56.1","24","  32.2","24","1022.5","24","021.5","24"," 10.0","24","  3.5","24","  8.0","999.9","  70.0"," ","  43.0"," "," 0.00","G","999.9","000000"
"72503014732","2016-11-09","40.77945","-73.88027","3.0","LAGUARDIA AIRPORT, NY US","  59.3","24","  42.1","24","1011.2","24","010.1","24","  9.5","24","  5.0","24"," 15.9"," 21.0","  70.0"," ","  46.9"," "," 0.00","G","999.9","010000"
"72503014732","2016-11-10","40.77945","-73.88027","3.0","LAGUARDIA AIRPORT, NY US","  51.0","24","  34.4","24","1013.9","24","013.0","24"," 10.0","24"," 10.4","24"," 15.9"," 21.0","  63.0"," ","  44.1"," "," 0.02","G","999.9","000000"
"72503014732","2016-11-11","40.77945","-73.88027","3.0","LAGUARDIA AIRPORT, NY US","  56.0","24","  33.7","24","1006.9","24","005.9","24"," 10.0","24"," 14.5","24"," 28.0"," 38.1","  63.0"," ","  44.1"," "," 0.00","G","999.9","000000"
"72503014732","2016-11-12","40.77945","-73.88027","3.0","LAGUARDIA AIRPORT, NY US","  45.3","24","  21.9","24","1023.1","24","022.1","24"," 10.0","24"," 11.7","24"," 19.0"," 27.0","  63.0"," ","  39.9"," "," 0.00","G","999.9","000000"
"72503014732","2016-11-13","40.77945","-73.88027","3.0","LAGUARDIA AIRPORT, NY US","  52.0","24","  23.7","24","1020.2","24","019.2","24"," 10.0","24","  8.1","24"," 14.0"," 20.0","  64.0"," ","  39.9"," "," 0.00","G","999.9","000000"
"72503014732","2016-11-14","40.77945","-73.88027","3.0","LAGUARDIA AIRPORT, NY US","  56.6","24","  21.0","24","1016.9","24","015.9","24"," 10.0","24","  6.3","24"," 14.0","999.9","  64.0"," ","  43.0"," "," 0.00","G","999.9","000000"
"72503014732","2016-11-15","40.77945","-73.88027","3.0","LAGUARDIA AIRPORT, NY US","  53.5","24","  40.5","24","1012.9","17","010.9","24","  8.0","24","  8.8","24"," 18.1"," 25.1","  60.1","*","  48.2","*"," 0.17","G","999.9","010010"
"72503014732","2016-11-16","40.77945","-73.88027","3.0","LAGUARDIA AIRPORT, NY US","  54.0","24","  39.0","24","1007.6","22","006.5","24"," 10.0","24","  9.1","24"," 13.0"," 18.1","  64.0"," ","  48.0"," "," 1.44","G","999.9","000000"
"72503014732","2016-11-17","40.77945","-73.88027","3.0","LAGUARDIA AIRPORT, NY US","  56.8","24","  40.6","24","1013.8","24","012.7","24"," 10.0","24","  9.9","24"," 15.0","999.9","  64.0"," ","  48.0"," "," 0.00","G","999.9","000000"
"72503014732","2016-11-18","40.77945","-73.88027","3.0","LAGUARDIA AIRPORT, NY US","  54.9","24","  39.6","24","1018.8","24","017.7","24"," 10.0","24","  6.2","24"," 11.1","999.9","  66.9"," ","  48.0"," "," 0.00","G","999.9","000000"
"72503014732","2016-11-19","40.77945","-73.88027","3.0","LAGUARDIA AIRPORT, NY US","  55.1","24","  44.0","24","1013.7","24","012.7","24"," 10.0","24","  5.4","24"," 12.0","999.9","  66.9"," ","  48.0"," "," 0.00","G","999.9","000000"
"72503014732","2016-11-20","40.77945","-73.88027","3.0","LAGUARDIA AIRPORT, NY US","  44.3","24","  33.9","24","1001.2","20","000.3","24","  9.4","24"," 17.0","24"," 22.9"," 35.9","  62.1"," ","  37.0"," "," 0.52","G","999.9","010000"
"72503014732","2016-11-21","40.77945","-73.88027","3.0","LAGUARDIA AIRPORT, NY US","  40.7","24","  20.3","24","1003.6","24","002.6","24","  9.9","24"," 21.0","24"," 26.0"," 40.0","  44.1"," ","  37.0"," "," 0.34","G","999.9","001000"
"72503014732","2016-11-22","40.77945","-73.88027","3.0","LAGUARDIA AIRPORT, NY US","  40.9","24","  22.0","24","1014.3","24","013.3","24"," 10.0","24"," 19.3","24"," 28.0"," 41.0","  43.0"," ","  39.0"," "," 0.00","G","999.9","000000"
"72503014732","2016-11-23","40.77945","-73.88027","3.0","LAGUARDIA AIRPORT, NY US","  41.0","24","  24.5","24","1024.1","24","023.1","24"," 10.0","24"," 12.3","24"," 21.0"," 29.9","  46.0"," ","  37.0"," "," 0.00","G","999.9","000000"
"72503014732","2016-11-24","40.77945","-73.88027","3.0","LAGUARDIA AIRPORT, NY US","  44.3","24","  31.7","24","1025.0","24","024.0","24","  9.8","24","  7.1","24","  8.9","999.9","  50.0"," ","  37.0"," "," 0.00","G","999.9","010000"
"72503014732","2016-11-25","40.77945","-73.88027","3.0","LAGUARDIA AIRPORT, NY US","  50.2","24","  43.5","24","1023.1","24","022.2","24","  9.5","24","  4.1","24","  8.0","999.9","  55.9"," ","  41.0"," "," 0.02","G","999.9","010000"
"72503014732","2016-11-26","40.77945","-73.88027","3.0","LAGUARDIA AIRPORT, NY US","  50.0","24","  40.6","24","1019.3","23","018.4","24","  9.3","24","  7.9","24"," 15.9"," 21.0","  55.9"," ","  46.9"," "," 0.01","G","999.9","000000"
"72503014732","2016-11-27","40.77945","-73.88027","3.0","LAGUARDIA AIRPORT, NY US","  46.0","24","  32.5","24","1018.6","24","017.6","24"," 10.0","24"," 12.5","24"," 15.9"," 20.0","  52.0"," ","  43.0"," "," 0.00","G","999.9","000000"
"72503014732","2016-11-28","40.77945","-73.88027","3.0","LAGUARDIA AIRPORT, NY US","  46.7","24","  30.5","24","1021.1","24","020.1","24"," 10.0","24","  8.0","24"," 13.0"," 17.1","  53.1"," ","  42.1"," "," 0.00","G","999.9","000000"
"72503014732","2016-11-29","40.77945","-73.88027","3.0","LAGUARDIA AIRPORT, NY US","  55.4","24","  47.9","24","1018.1","20","015.9","24","  7.3","24","  9.7","24"," 21.0"," 31.1","  61.0"," ","  42.1"," "," 0.00","G","999.9","010000"
"72503014732","2016-11-30","40.77945","-73.88027","3.0","LAGUARDIA AIRPORT, NY US","  57.2","24","  53.4","24","1011.9","19","010.7","24","  5.7","24","  7.5","24"," 15.0"," 18.1","  62.6","*","  53.6","*"," 2.23","G","999.9","010000"
"72503014732","2016-12-01","40.77945","-73.88027","3.0","LAGUARDIA AIRPORT, NY US","  53.7","24","  43.4","24","1004.2","17","001.9","24","  7.2","24"," 12.7","24"," 22.9"," 28.9","  61.0"," ","  50.0"," "," 1.01","G","999.9","010000"
"72503014732","2016-12-02","40.77945","-73.88027","3.0","LAGUARDIA AIRPORT, NY US","  47.3","24","  28.3","24","1011.1","24","010.2","24"," 10.0","24"," 14.3","24"," 19.0"," 26.0","  57.0"," ","  43.0"," "," 0.05","G","999.9","000000"
"72503014732","2016-12-03","40.77945","-73.88027","3.0","LAGUARDIA AIRPORT, NY US","  46.4","24","  28.5","24","1015.0","24","013.9","24"," 10.0","24"," 16.0","24"," 25.1"," 32.1","  53.1"," ","  43.0"," "," 0.00","G","999.9","000000"
"72503014732","2016-12-04","40.77945","-73.88027","3.0","LAGUARDIA AIRPORT, NY US","  44.3","24","  25.4","24","1022.0","24","021.0","24"," 10.0","24"," 10.9","24"," 18.1"," 25.1","  50.0"," ","  41.0"," "," 0.00","G","999.9","000000"
"72503014732","2016-12-05","40.77945","-73.88027","3.0","LAGUARDIA AIRPORT, NY US","  44.4","24","  32.0","24","1017.7","22","016.5","24","  9.2","24","  8.7","24"," 15.9"," 22.0","  51.1"," ","  39.9"," "," 0.16","G","999.9","010000"
"72503014732","2016-12-06","40.77945","-73.88027","3.0","LAGUARDIA AIRPORT, NY US","  45.3","24","  30.9","24","1018.4","24","017.4","24"," 10.0","24","  7.9","24"," 12.0"," 21.0","  51.1"," ","  39.9"," "," 0.02","G","999.9","010000"
"72503014732","2016-12-07","40.77945","-73.88027","3.0","LAGUARDIA AIRPORT, NY US","  43.7","24","  37.8","24","1014.3","16","012.8","24","  8.2","24","  8.6","24"," 15.0","999.9","  46.9"," ","  41.0"," "," 0.41","G","999.9","010000"
"72503014732","2016-12-08","40.77945","-73.88027","3.0","LAGUARDIA AIRPORT, NY US","  44.6","24","  27.7","24","1014.7","24","013.7","24"," 10.0","24","  7.5","24"," 18.1"," 22.0","  46.9"," ","  41.0"," "," 0.06","G","999.9","000000"
"72503014732","2016-12-09","40.77945","-73.88027","3.0","LAGUARDIA AIRPORT, NY US","  37.5","24","  17.8","24","1017.8","24","016.8","24"," 10.0","24"," 15.9","24"," 22.9"," 29.9","  45.0"," ","  34.0"," "," 0.00","G","999.9","000000"
"72503014732","2016-12-10","40.77945","-73.88027","3.0","LAGUARDIA AIRPORT, NY US","  33.5","24","  16.9","24","1027.2","24","026.2","24"," 10.0","24"," 12.5","24"," 19.0"," 29.9","  42.1"," ","  30.9"," "," 0.00","G","999.9","000000"
"72503014732","2016-12-11","40.77945","-73.88027","3.0","LAGUARDIA AIRPORT, NY US","  33.0","24","  17.0","24","1032.2","23","031.2","24","  9.6","24","  7.8","24"," 14.0","999.9","  37.0"," ","  30.0"," "," 0.00","G","999.9","001000"
"72503014732","2016-12-12","40.77945","-73.88027","3.0","LAGUARDIA AIRPORT, NY US","  40.5","24","  35.0","24","1016.2","20","015.2","24","  7.7","24","  7.1","24"," 17.1"," 22.9","  48.0"," ","  30.0"," "," 0.48","G","999.9","011000"
"72503014732","2016-12-13","40.77945","-73.88027","3.0","LAGUARDIA AIRPORT, NY US","  42.0","24","  25.1","24","1018.6","24","017.6","24"," 10.0","24","  8.9","24"," 15.0"," 20.0","  48.0"," ","  35.1"," "," 0.08","G","999.9","000000"
"72503014732","2016-12-14","40.77945","-73.88027","3.0","LAGUARDIA AIRPORT, NY US","  41.8","24","  23.7","24","1015.4","24","014.4","24"," 10.0","24","  9.3","24"," 17.1"," 22.0","  45.0"," ","  39.0"," "," 0.00","G","999.9","000000"
"72503014732","2016-12-15","40.77945","-73.88027","3.0","LAGUARDIA AIRPORT, NY US","  30.7","24","   5.1","24","1012.5","24","011.4","24"," 10.0","24"," 18.4","24"," 28.0"," 41.0","  44.1"," ","  23.0"," "," 0.00","G","999.9","000000"
"72503014732","2016-12-16","40.77945","-73.88027","3.0","LAGUARDIA AIRPORT, NY US","  22.6","24","   2.9","24","1026.5","24","025.5","24"," 10.0","24"," 12.6","24"," 19.0"," 35.0","  36.0"," ","  19.0"," "," 0.00","G","999.9","000000"
"72503014732","2016-12-17","40.77945","-73.88027","3.0","LAGUARDIA AIRPORT, NY US","  30.7","24","  21.0","24","1022.4","16","020.1","24","  6.6","24","  5.7","24"," 11.1","999.9","  37.9"," ","  19.0"," "," 0.18","G","  1.2","111000"
"72503014732","2016-12-18","40.77945","-73.88027","3.0","LAGUARDIA AIRPORT, NY US","  46.7","24","  41.8","24","1012.6","17","010.6","24","  6.5","24","  9.4","24"," 29.9"," 48.0","  61.0"," ","  26.1"," "," 0.56","G","  1.2","110000"
"72503014732","2016-12-19","40.77945","-73.88027","3.0","LAGUARDIA AIRPORT, NY US","  30.7","24","  11.0","24","1035.7","24","034.7","24"," 10.0","24"," 11.7","24"," 15.9"," 21.0","  39.9","*","  25.0","*"," 0.01","G","999.9","000000"
"72503014732","2016-12-20","40.77945","-73.88027","3.0","LAGUARDIA AIRPORT, NY US","  27.4","24","   6.0","24","1035.1","24","034.1","24"," 10.0","24","  5.7","24","  8.9","999.9","  36.0"," ","  23.0"," "," 0.00","G","999.9","000000"
"72503014732","2016-12-21","40.77945","-73.88027","3.0","LAGUARDIA AIRPORT, NY US","  36.3","24","  17.0","24","1021.7","24","020.7","24"," 10.0","24","  7.1","24"," 13.0"," 20.0","  42.1"," ","  23.0"," "," 0.00","G","999.9","000000"
"72503014732","2016-12-22","40.77945","-73.88027","3.0","LAGUARDIA AIRPORT, NY US","  43.0","24","  24.2","24","1017.9","24","016.9","24"," 10.0","24","  7.9","24"," 22.9"," 32.1","  50.0"," ","  33.1"," "," 0.00","G","999.9","000000"
"72503014732","2016-12-23","40.77945","-73.88027","3.0","LAGUARDIA AIRPORT, NY US","  43.6","24","  25.5","24","1026.2","24","025.2","24"," 10.0","24"," 10.2","24"," 18.1"," 22.9","  50.0"," ","  37.0"," "," 0.00","G","999.9","000000"
"72503014732","2016-12-24","40.77945","-73.88027","3.0","LAGUARDIA AIRPORT, NY US","  43.8","24","  31.8","24","1024.6","22","023.0","24","  8.5","24","  7.9","24"," 15.0"," 24.1","  48.9"," ","  39.9"," "," 0.01","G","999.9","010000"
"72503014732","2016-12-25","40.77945","-73.88027","3.0","LAGUARDIA AIRPORT, NY US","  45.5","24","  31.9","24","1028.3","24","027.4","24"," 10.0","24","  9.4","24"," 17.1","999.9","  51.1"," ","  39.9"," "," 0.51","G","999.9","000000"
"72503014732","2016-12-26","40.77945","-73.88027","3.0","LAGUARDIA AIRPORT, NY US","  38.9","24","  26.7","24","1037.5","23","036.5","24","  9.7","24"," 10.0","24"," 13.0"," 17.1","  51.1"," ","  34.0"," "," 0.00","G","999.9","010000"
"72503014732","2016-12-27","40.77945","-73.88027","3.0","LAGUARDIA AIRPORT, NY US","  55.9","24","  46.1","24","1013.2","20","013.0","24","  9.1","24"," 12.5","24"," 18.1"," 28.9","  62.1"," ","  34.0"," "," 0.00","G","999.9","010000"
"72503014732","2016-12-28","40.77945","-73.88027","3.0","LAGUARDIA AIRPORT, NY US","  41.9","24","  26.0","24","1016.8","24","015.8","24"," 10.0","24"," 12.6","24"," 18.1"," 22.9","  62.1"," ","  37.9"," "," 0.00","G","999.9","000000"
"72503014732","2016-12-29","40.77945","-73.88027","3.0","LAGUARDIA AIRPORT, NY US","  39.7","24","  29.0","24","1013.1","23","011.6","24","  8.7","24","  7.5","24"," 19.0"," 25.1","  48.0"," ","  34.0"," "," 0.00","G","999.9","010000"
"72503014732","2016-12-30","40.77945","-73.88027","3.0","LAGUARDIA AIRPORT, NY US","  39.7","24","  25.4","24","1002.8","24","001.8","24","  9.5","24"," 15.3","24"," 20.0"," 28.0","  48.0"," ","  34.0"," "," 0.48","G","999.9","001000"
"72503014732","2016-12-31","40.77945","-73.88027","3.0","LAGUARDIA AIRPORT, NY US","  37.8","24","  20.0","24","1016.9","24","015.9","24"," 10.0","24"," 12.5","24"," 21.0"," 27.0","  45.0"," ","  34.0"," "," 0.00","G","999.9","000000"
